24-MB01,12.34,0,49.36
24-MB04,36.99,0,147.96
24-MB03,38,0,152
24-MB05,45,0,180
24-MB06,45,0,180
24-MB02,59,0,236
24-UB02,74,0,296
24-WB01,32,0,128
24-WB02,32,0,128
24-WB05,32,0,128
24-WB06,33,0,132
24-WB03,36,0,144
24-WB07,45,0,180
24-WB04,45,0,180
24-UG06,7,0,28
24-UG07,12,0,48
24-UG04,12,0,48
24-UG02,16,0,64
24-UG05,19,0,76
24-UG01,19,0,76
24-WG084,5,0,20
24-WG088,19,0,76
24-UG03,22,0,88
24-WG081-gray,23,0,92
24-WG081-pink,23,0,92
24-WG081-blue,23,0,92
24-WG082-gray,27,0,108
24-WG082-pink,27,0,108
24-WG082-blue,27,0,108
24-WG083-gray,32,0,128
24-WG083-pink,32,0,128
24-WG083-blue,32,0,128
24-WG085,14,0,56
24-WG086,17,0,68
24-WG087,21,0,84
24-MG04,45,0,180
24-MG01,49,0,196
24-MG03,54,0,216
24-MG05,55,0,220
24-MG02,92,0,368
24-WG09,43,0,172
24-WG01,49,0,196
24-WG03,54,0,216
24-WG02,92,0,368
24-WG080,,0,0
240-LV04,6,0,24
240-LV05,14,0,56
240-LV06,22,0,88
240-LV07,14,0,56
240-LV08,18,0,72
240-LV09,0,0,0
MH01-XS-Black,52,0,208
MH01-XS-Gray,52,0,208
MH01-XS-Orange,52,0,208
MH01-S-Black,52,0,208
MH01-S-Gray,52,0,208
MH01-S-Orange,52,0,208
MH01-M-Black,52,0,208
MH01-M-Gray,52,0,208
MH01-M-Orange,52,0,208
MH01-L-Black,52,0,208
MH01-L-Gray,52,0,208
MH01-L-Orange,52,0,208
MH01-XL-Black,52,0,208
MH01-XL-Gray,52,0,208
MH01-XL-Orange,52,0,208
MH01,52,0,208
MH02-XS-Black,70,0,280
MH02-XS-Purple,70,0,280
MH02-XS-Red,70,0,280
MH02-S-Black,70,0,280
MH02-S-Purple,70,0,280
MH02-S-Red,70,0,280
MH02-M-Black,70,0,280
MH02-M-Purple,70,0,280
MH02-M-Red,70,0,280
MH02-L-Black,70,0,280
MH02-L-Purple,70,0,280
MH02-L-Red,70,0,280
MH02-XL-Black,70,0,280
MH02-XL-Purple,70,0,280
MH02-XL-Red,70,0,280
MH02,70,0,280
MH03-XS-Black,63,0,252
MH03-XS-Blue,63,0,252
MH03-XS-Green,63,0,252
MH03-S-Black,63,0,252
MH03-S-Blue,63,0,252
MH03-S-Green,63,0,252
MH03-M-Black,63,0,252
MH03-M-Blue,63,0,252
MH03-M-Green,63,0,252
MH03-L-Black,63,0,252
MH03-L-Blue,63,0,252
MH03-L-Green,63,0,252
MH03-XL-Black,63,0,252
MH03-XL-Blue,63,0,252
MH03-XL-Green,63,0,252
MH03,63,0,252
MH04-XS-Green,60,0,240
MH04-XS-White,60,0,240
MH04-XS-Yellow,60,0,240
MH04-S-Green,60,0,240
MH04-S-White,60,0,240
MH04-S-Yellow,60,0,240
MH04-M-Green,60,0,240
MH04-M-White,60,0,240
MH04-M-Yellow,60,0,240
MH04-L-Green,60,0,240
MH04-L-White,60,0,240
MH04-L-Yellow,60,0,240
MH04-XL-Green,60,0,240
MH04-XL-White,60,0,240
MH04-XL-Yellow,60,0,240
MH04,60,0,240
MH05-XS-Green,52,0,208
MH05-XS-Red,52,0,208
MH05-XS-White,52,0,208
MH05-S-Green,52,0,208
MH05-S-Red,52,0,208
MH05-S-White,52,0,208
MH05-M-Green,52,0,208
MH05-M-Red,52,0,208
MH05-M-White,52,0,208
MH05-L-Green,52,0,208
MH05-L-Red,52,0,208
MH05-L-White,52,0,208
MH05-XL-Green,52,0,208
MH05-XL-Red,52,0,208
MH05-XL-White,52,0,208
MH05,52,0,208
MH06-XS-Black,42,0,168
MH06-XS-Blue,42,0,168
MH06-XS-Purple,42,0,168
MH06-S-Black,42,0,168
MH06-S-Blue,42,0,168
MH06-S-Purple,42,0,168
MH06-M-Black,42,0,168
MH06-M-Blue,42,0,168
MH06-M-Purple,42,0,168
MH06-L-Black,42,0,168
MH06-L-Blue,42,0,168
MH06-L-Purple,42,0,168
MH06-XL-Black,42,0,168
MH06-XL-Blue,42,0,168
MH06-XL-Purple,42,0,168
MH06,42,0,168
MH07-XS-Black,54,0,216
MH07-XS-Gray,54,0,216
MH07-XS-Green,54,0,216
MH07-S-Black,54,0,216
MH07-S-Gray,54,0,216
MH07-S-Green,54,0,216
MH07-M-Black,54,0,216
MH07-M-Gray,54,0,216
MH07-M-Green,54,0,216
MH07-L-Black,54,0,216
MH07-L-Gray,54,0,216
MH07-L-Green,54,0,216
MH07-XL-Black,54,0,216
MH07-XL-Gray,54,0,216
MH07-XL-Green,54,0,216
MH07,54,0,216
MH08-XS-Brown,42,0,168
MH08-XS-Purple,42,0,168
MH08-XS-Red,42,0,168
MH08-S-Brown,42,0,168
MH08-S-Purple,42,0,168
MH08-S-Red,42,0,168
MH08-M-Brown,42,0,168
MH08-M-Purple,42,0,168
MH08-M-Red,42,0,168
MH08-L-Brown,42,0,168
MH08-L-Purple,42,0,168
MH08-L-Red,42,0,168
MH08-XL-Brown,42,0,168
MH08-XL-Purple,42,0,168
MH08-XL-Red,42,0,168
MH08,42,0,168
MH09-XS-Blue,69,0,276
MH09-XS-Green,69,0,276
MH09-XS-Red,69,0,276
MH09-S-Blue,69,0,276
MH09-S-Green,69,0,276
MH09-S-Red,69,0,276
MH09-M-Blue,69,0,276
MH09-M-Green,69,0,276
MH09-M-Red,69,0,276
MH09-L-Blue,69,0,276
MH09-L-Green,69,0,276
MH09-L-Red,69,0,276
MH09-XL-Blue,69,0,276
MH09-XL-Green,69,0,276
MH09-XL-Red,69,0,276
MH09,69,0,276
MH10-XS-Black,62,0,248
MH10-XS-Blue,62,0,248
MH10-XS-Red,62,0,248
MH10-S-Black,62,0,248
MH10-S-Blue,62,0,248
MH10-S-Red,62,0,248
MH10-M-Black,62,0,248
MH10-M-Blue,62,0,248
MH10-M-Red,62,0,248
MH10-L-Black,62,0,248
MH10-L-Blue,62,0,248
MH10-L-Red,62,0,248
MH10-XL-Black,62,0,248
MH10-XL-Blue,62,0,248
MH10-XL-Red,62,0,248
MH10,62,0,248
MH11-XS-Orange,64,0,256
MH11-XS-Red,64,0,256
MH11-XS-White,64,0,256
MH11-S-Orange,64,0,256
MH11-S-Red,64,0,256
MH11-S-White,64,0,256
MH11-M-Orange,64,0,256
MH11-M-Red,64,0,256
MH11-M-White,64,0,256
MH11-L-Orange,64,0,256
MH11-L-Red,64,0,256
MH11-L-White,64,0,256
MH11-XL-Orange,64,0,256
MH11-XL-Red,64,0,256
MH11-XL-White,64,0,256
MH11,64,0,256
MH12-XS-Blue,69,0,276
MH12-XS-Green,69,0,276
MH12-XS-Red,69,0,276
MH12-S-Blue,69,0,276
MH12-S-Green,69,0,276
MH12-S-Red,69,0,276
MH12-M-Blue,69,0,276
MH12-M-Green,69,0,276
MH12-M-Red,69,0,276
MH12-L-Blue,69,0,276
MH12-L-Green,69,0,276
MH12-L-Red,69,0,276
MH12-XL-Blue,69,0,276
MH12-XL-Green,69,0,276
MH12-XL-Red,69,0,276
MH12,69,0,276
MH13-XS-Blue,74,0,296
MH13-XS-Green,74,0,296
MH13-XS-Lavender,74,0,296
MH13-S-Blue,74,0,296
MH13-S-Green,74,0,296
MH13-S-Lavender,74,0,296
MH13-M-Blue,74,0,296
MH13-M-Green,74,0,296
MH13-M-Lavender,74,0,296
MH13-L-Blue,74,0,296
MH13-L-Green,74,0,296
MH13-L-Lavender,74,0,296
MH13-XL-Blue,74,0,296
MH13-XL-Green,74,0,296
MH13-XL-Lavender,74,0,296
MH13,74,0,296
MJ01-XS-Orange,42,0,168
MJ01-XS-Red,42,0,168
MJ01-XS-Yellow,42,0,168
MJ01-S-Orange,42,0,168
MJ01-S-Red,42,0,168
MJ01-S-Yellow,42,0,168
MJ01-M-Orange,42,0,168
MJ01-M-Red,42,0,168
MJ01-M-Yellow,42,0,168
MJ01-L-Orange,42,0,168
MJ01-L-Red,42,0,168
MJ01-L-Yellow,42,0,168
MJ01-XL-Orange,42,0,168
MJ01-XL-Red,42,0,168
MJ01-XL-Yellow,42,0,168
MJ01,42,0,168
MJ02-XS-Green,51,0,204
MJ02-XS-Orange,51,0,204
MJ02-XS-Red,51,0,204
MJ02-S-Green,51,0,204
MJ02-S-Orange,51,0,204
MJ02-S-Red,51,0,204
MJ02-M-Green,51,0,204
MJ02-M-Orange,51,0,204
MJ02-M-Red,51,0,204
MJ02-L-Green,51,0,204
MJ02-L-Orange,51,0,204
MJ02-L-Red,51,0,204
MJ02-XL-Green,51,0,204
MJ02-XL-Orange,51,0,204
MJ02-XL-Red,51,0,204
MJ02,51,0,204
MJ04-XS-Black,47,0,188
MJ04-XS-Blue,47,0,188
MJ04-XS-Purple,47,0,188
MJ04-S-Black,47,0,188
MJ04-S-Blue,47,0,188
MJ04-S-Purple,47,0,188
MJ04-M-Black,47,0,188
MJ04-M-Blue,47,0,188
MJ04-M-Purple,47,0,188
MJ04-L-Black,47,0,188
MJ04-L-Blue,47,0,188
MJ04-L-Purple,47,0,188
MJ04-XL-Black,47,0,188
MJ04-XL-Blue,47,0,188
MJ04-XL-Purple,47,0,188
MJ04,47,0,188
MJ07-XS-Black,72,0,288
MJ07-XS-Red,72,0,288
MJ07-XS-Yellow,72,0,288
MJ07-S-Black,72,0,288
MJ07-S-Red,72,0,288
MJ07-S-Yellow,72,0,288
MJ07-M-Black,72,0,288
MJ07-M-Red,72,0,288
MJ07-M-Yellow,72,0,288
MJ07-L-Black,72,0,288
MJ07-L-Red,72,0,288
MJ07-L-Yellow,72,0,288
MJ07-XL-Black,72,0,288
MJ07-XL-Red,72,0,288
MJ07-XL-Yellow,72,0,288
MJ07,72,0,288
MJ08-XS-Blue,99,0,396
MJ08-XS-Gray,99,0,396
MJ08-XS-Green,99,0,396
MJ08-S-Blue,99,0,396
MJ08-S-Gray,99,0,396
MJ08-S-Green,99,0,396
MJ08-M-Blue,99,0,396
MJ08-M-Gray,99,0,396
MJ08-M-Green,99,0,396
MJ08-L-Blue,99,0,396
MJ08-L-Gray,99,0,396
MJ08-L-Green,99,0,396
MJ08-XL-Blue,99,0,396
MJ08-XL-Gray,99,0,396
MJ08-XL-Green,99,0,396
MJ08,99,0,396
MJ09-XS-Blue,65,0,260
MJ09-XS-White,65,0,260
MJ09-XS-Yellow,65,0,260
MJ09-S-Blue,65,0,260
MJ09-S-White,65,0,260
MJ09-S-Yellow,65,0,260
MJ09-M-Blue,65,0,260
MJ09-M-White,65,0,260
MJ09-M-Yellow,65,0,260
MJ09-L-Blue,65,0,260
MJ09-L-White,65,0,260
MJ09-L-Yellow,65,0,260
MJ09-XL-Blue,65,0,260
MJ09-XL-White,65,0,260
MJ09-XL-Yellow,65,0,260
MJ09,65,0,260
MJ10-XS-Black,66,0,264
MJ10-XS-Orange,66,0,264
MJ10-XS-Red,66,0,264
MJ10-S-Black,66,0,264
MJ10-S-Orange,66,0,264
MJ10-S-Red,66,0,264
MJ10-M-Black,66,0,264
MJ10-M-Orange,66,0,264
MJ10-M-Red,66,0,264
MJ10-L-Black,66,0,264
MJ10-L-Orange,66,0,264
MJ10-L-Red,66,0,264
MJ10-XL-Black,66,0,264
MJ10-XL-Orange,66,0,264
MJ10-XL-Red,66,0,264
MJ10,66,0,264
MJ11-XS-Black,60,0,240
MJ11-XS-Green,60,0,240
MJ11-XS-Red,60,0,240
MJ11-S-Black,60,0,240
MJ11-S-Green,60,0,240
MJ11-S-Red,60,0,240
MJ11-M-Black,60,0,240
MJ11-M-Green,60,0,240
MJ11-M-Red,60,0,240
MJ11-L-Black,60,0,240
MJ11-L-Green,60,0,240
MJ11-L-Red,60,0,240
MJ11-XL-Black,60,0,240
MJ11-XL-Green,60,0,240
MJ11-XL-Red,60,0,240
MJ11,60,0,240
MJ06-XS-Blue,56.99,0,227.96
MJ06-XS-Green,56.99,0,227.96
MJ06-XS-Purple,56.99,0,227.96
MJ06-S-Blue,56.99,0,227.96
MJ06-S-Green,56.99,0,227.96
MJ06-S-Purple,56.99,0,227.96
MJ06-M-Blue,56.99,0,227.96
MJ06-M-Green,56.99,0,227.96
MJ06-M-Purple,56.99,0,227.96
MJ06-L-Blue,56.99,0,227.96
MJ06-L-Green,56.99,0,227.96
MJ06-L-Purple,56.99,0,227.96
MJ06-XL-Blue,56.99,0,227.96
MJ06-XL-Green,56.99,0,227.96
MJ06-XL-Purple,56.99,0,227.96
MJ06,56.99,0,227.96
MJ03-XS-Black,49,0,196
MJ03-XS-Green,49,0,196
MJ03-XS-Red,49,0,196
MJ03-S-Black,49,0,196
MJ03-S-Green,49,0,196
MJ03-S-Red,49,0,196
MJ03-M-Black,49,0,196
MJ03-M-Green,49,0,196
MJ03-M-Red,49,0,196
MJ03-L-Black,49,0,196
MJ03-L-Green,49,0,196
MJ03-L-Red,49,0,196
MJ03-XL-Black,49,0,196
MJ03-XL-Green,49,0,196
MJ03-XL-Red,49,0,196
MJ03,49,0,196
MJ12-XS-Black,45,0,180
MJ12-XS-Blue,45,0,180
MJ12-XS-Orange,45,0,180
MJ12-S-Black,45,0,180
MJ12-S-Blue,45,0,180
MJ12-S-Orange,45,0,180
MJ12-M-Black,45,0,180
MJ12-M-Blue,45,0,180
MJ12-M-Orange,45,0,180
MJ12-L-Black,45,0,180
MJ12-L-Blue,45,0,180
MJ12-L-Orange,45,0,180
MJ12-XL-Black,45,0,180
MJ12-XL-Blue,45,0,180
MJ12-XL-Orange,45,0,180
MJ12,45,0,180
MS04-XS-Black,29,0,116
MS04-XS-Orange,29,0,116
MS04-XS-Red,29,0,116
MS04-S-Black,29,0,116
MS04-S-Orange,29,0,116
MS04-S-Red,29,0,116
MS04-M-Black,29,0,116
MS04-M-Orange,29,0,116
MS04-M-Red,29,0,116
MS04-L-Black,29,0,116
MS04-L-Orange,29,0,116
MS04-L-Red,29,0,116
MS04-XL-Black,29,0,116
MS04-XL-Orange,29,0,116
MS04-XL-Red,29,0,116
MS04,29,0,116
MS05-XS-Black,24,0,96
MS05-XS-Blue,24,0,96
MS05-XS-Purple,24,0,96
MS05-S-Black,24,0,96
MS05-S-Blue,24,0,96
MS05-S-Purple,24,0,96
MS05-M-Black,24,0,96
MS05-M-Blue,24,0,96
MS05-M-Purple,24,0,96
MS05-L-Black,24,0,96
MS05-L-Blue,24,0,96
MS05-L-Purple,24,0,96
MS05-XL-Black,24,0,96
MS05-XL-Blue,24,0,96
MS05-XL-Purple,24,0,96
MS05,24,0,96
MS09-XS-Black,32,0,128
MS09-XS-Blue,32,0,128
MS09-XS-Red,32,0,128
MS09-S-Black,32,0,128
MS09-S-Blue,32,0,128
MS09-S-Red,32,0,128
MS09-M-Black,32,0,128
MS09-M-Blue,32,0,128
MS09-M-Red,32,0,128
MS09-L-Black,32,0,128
MS09-L-Blue,32,0,128
MS09-L-Red,32,0,128
MS09-XL-Black,32,0,128
MS09-XL-Blue,32,0,128
MS09-XL-Red,32,0,128
MS09,32,0,128
MS11-XS-Blue,28,0,112
MS11-XS-Green,28,0,112
MS11-XS-Yellow,28,0,112
MS11-S-Blue,28,0,112
MS11-S-Green,28,0,112
MS11-S-Yellow,28,0,112
MS11-M-Blue,28,0,112
MS11-M-Green,28,0,112
MS11-M-Yellow,28,0,112
MS11-L-Blue,28,0,112
MS11-L-Green,28,0,112
MS11-L-Yellow,28,0,112
MS11-XL-Blue,28,0,112
MS11-XL-Green,28,0,112
MS11-XL-Yellow,28,0,112
MS11,28,0,112
MS12-XS-Black,29,0,116
MS12-XS-Blue,29,0,116
MS12-XS-Red,29,0,116
MS12-S-Black,29,0,116
MS12-S-Blue,29,0,116
MS12-S-Red,29,0,116
MS12-M-Black,29,0,116
MS12-M-Blue,29,0,116
MS12-M-Red,29,0,116
MS12-L-Black,29,0,116
MS12-L-Blue,29,0,116
MS12-L-Red,29,0,116
MS12-XL-Black,29,0,116
MS12-XL-Blue,29,0,116
MS12-XL-Red,29,0,116
MS12,29,0,116
MS03-XS-Gray,29,0,116
MS03-XS-Green,29,0,116
MS03-XS-Orange,29,0,116
MS03-S-Gray,29,0,116
MS03-S-Green,29,0,116
MS03-S-Orange,29,0,116
MS03-M-Gray,29,0,116
MS03-M-Green,29,0,116
MS03-M-Orange,29,0,116
MS03-L-Gray,29,0,116
MS03-L-Green,29,0,116
MS03-L-Orange,29,0,116
MS03-XL-Gray,29,0,116
MS03-XL-Green,29,0,116
MS03-XL-Orange,29,0,116
MS03,29,0,116
MS06-XS-Blue,29,0,116
MS06-XS-Green,29,0,116
MS06-XS-Yellow,29,0,116
MS06-S-Blue,29,0,116
MS06-S-Green,29,0,116
MS06-S-Yellow,29,0,116
MS06-M-Blue,29,0,116
MS06-M-Green,29,0,116
MS06-M-Yellow,29,0,116
MS06-L-Blue,29,0,116
MS06-L-Green,29,0,116
MS06-L-Yellow,29,0,116
MS06-XL-Blue,29,0,116
MS06-XL-Green,29,0,116
MS06-XL-Yellow,29,0,116
MS06,29,0,116
MS01-XS-Black,24,0,96
MS01-XS-Brown,24,0,96
MS01-XS-Yellow,24,0,96
MS01-S-Black,24,0,96
MS01-S-Brown,24,0,96
MS01-S-Yellow,24,0,96
MS01-M-Black,24,0,96
MS01-M-Brown,24,0,96
MS01-M-Yellow,24,0,96
MS01-L-Black,24,0,96
MS01-L-Brown,24,0,96
MS01-L-Yellow,24,0,96
MS01-XL-Black,24,0,96
MS01-XL-Brown,24,0,96
MS01-XL-Yellow,24,0,96
MS01,24,0,96
MS02-XS-Black,28,0,112
MS02-XS-Blue,28,0,112
MS02-XS-Gray,28,0,112
MS02-S-Black,28,0,112
MS02-S-Blue,28,0,112
MS02-S-Gray,28,0,112
MS02-M-Black,28,0,112
MS02-M-Blue,28,0,112
MS02-M-Gray,28,0,112
MS02-L-Black,28,0,112
MS02-L-Blue,28,0,112
MS02-L-Gray,28,0,112
MS02-XL-Black,28,0,112
MS02-XL-Blue,28,0,112
MS02-XL-Gray,28,0,112
MS02,28,0,112
MS10-XS-Black,24,0,96
MS10-XS-Blue,24,0,96
MS10-XS-Red,24,0,96
MS10-S-Black,24,0,96
MS10-S-Blue,24,0,96
MS10-S-Red,24,0,96
MS10-M-Black,24,0,96
MS10-M-Blue,24,0,96
MS10-M-Red,24,0,96
MS10-L-Black,24,0,96
MS10-L-Blue,24,0,96
MS10-L-Red,24,0,96
MS10-XL-Black,24,0,96
MS10-XL-Blue,24,0,96
MS10-XL-Red,24,0,96
MS10,24,0,96
MS07-XS-Black,39,0,156
MS07-XS-Green,39,0,156
MS07-XS-White,39,0,156
MS07-S-Black,39,0,156
MS07-S-Green,39,0,156
MS07-S-White,39,0,156
MS07-M-Black,39,0,156
MS07-M-Green,39,0,156
MS07-M-White,39,0,156
MS07-L-Black,39,0,156
MS07-L-Green,39,0,156
MS07-L-White,39,0,156
MS07-XL-Black,39,0,156
MS07-XL-Green,39,0,156
MS07-XL-White,39,0,156
MS07,39,0,156
MS08-XS-Black,39,0,156
MS08-XS-Blue,39,0,156
MS08-XS-Red,39,0,156
MS08-S-Black,39,0,156
MS08-S-Blue,39,0,156
MS08-S-Red,39,0,156
MS08-M-Black,39,0,156
MS08-M-Blue,39,0,156
MS08-M-Red,39,0,156
MS08-L-Black,39,0,156
MS08-L-Blue,39,0,156
MS08-L-Red,39,0,156
MS08-XL-Black,39,0,156
MS08-XL-Blue,39,0,156
MS08-XL-Red,39,0,156
MS08,39,0,156
MT01-XS-Gray,29,0,116
MT01-XS-Orange,29,0,116
MT01-XS-Red,29,0,116
MT01-S-Gray,29,0,116
MT01-S-Orange,29,0,116
MT01-S-Red,29,0,116
MT01-M-Gray,29,0,116
MT01-M-Orange,29,0,116
MT01-M-Red,29,0,116
MT01-L-Gray,29,0,116
MT01-L-Orange,29,0,116
MT01-L-Red,29,0,116
MT01-XL-Gray,29,0,116
MT01-XL-Orange,29,0,116
MT01-XL-Red,29,0,116
MT01,29,0,116
MT02-XS-Gray,29,0,116
MT02-XS-Red,29,0,116
MT02-XS-White,29,0,116
MT02-S-Gray,29,0,116
MT02-S-Red,29,0,116
MT02-S-White,29,0,116
MT02-M-Gray,29,0,116
MT02-M-Red,29,0,116
MT02-M-White,29,0,116
MT02-L-Gray,29,0,116
MT02-L-Red,29,0,116
MT02-L-White,29,0,116
MT02-XL-Gray,29,0,116
MT02-XL-Red,29,0,116
MT02-XL-White,29,0,116
MT02,29,0,116
MT03-XS-Blue,29,0,116
MT03-XS-Red,29,0,116
MT03-XS-Yellow,29,0,116
MT03-S-Blue,29,0,116
MT03-S-Red,29,0,116
MT03-S-Yellow,29,0,116
MT03-M-Blue,29,0,116
MT03-M-Red,29,0,116
MT03-M-Yellow,29,0,116
MT03-L-Blue,29,0,116
MT03-L-Red,29,0,116
MT03-L-Yellow,29,0,116
MT03-XL-Blue,29,0,116
MT03-XL-Red,29,0,116
MT03-XL-Yellow,29,0,116
MT03,29,0,116
MT04-XS-Blue,32,0,128
MT04-S-Blue,32,0,128
MT04-M-Blue,32,0,128
MT04-L-Blue,32,0,128
MT04-XL-Blue,32,0,128
MT04,32,0,128
MT05-XS-Blue,24,0,96
MT05-S-Blue,24,0,96
MT05-M-Blue,24,0,96
MT05-L-Blue,24,0,96
MT05-XL-Blue,24,0,96
MT05,24,0,96
MT06-XS-Black,28,0,112
MT06-S-Black,28,0,112
MT06-M-Black,28,0,112
MT06-L-Black,28,0,112
MT06-XL-Black,28,0,112
MT06,28,0,112
MT07-XS-Gray,22,0,88
MT07-S-Gray,22,0,88
MT07-M-Gray,22,0,88
MT07-L-Gray,22,0,88
MT07-XL-Gray,22,0,88
MT07,22,0,88
MT08-XS-Green,29,0,116
MT08-S-Green,29,0,116
MT08-M-Green,29,0,116
MT08-L-Green,29,0,116
MT08-XL-Green,29,0,116
MT08,29,0,116
MT09-XS-Blue,29,0,116
MT09-S-Blue,29,0,116
MT09-M-Blue,29,0,116
MT09-L-Blue,29,0,116
MT09-XL-Blue,29,0,116
MT09,29,0,116
MT10-XS-Yellow,18,0,72
MT10-S-Yellow,18,0,72
MT10-M-Yellow,18,0,72
MT10-L-Yellow,18,0,72
MT10-XL-Yellow,18,0,72
MT10,18,0,72
MT11-XS-Blue,18,0,72
MT11-S-Blue,18,0,72
MT11-M-Blue,18,0,72
MT11-L-Blue,18,0,72
MT11-XL-Blue,18,0,72
MT11,18,0,72
MT12-XS-Blue,18,0,72
MT12-S-Blue,18,0,72
MT12-M-Blue,18,0,72
MT12-L-Blue,18,0,72
MT12-XL-Blue,18,0,72
MT12,18,0,72
MP01-32-Black,35,0,140
MP01-32-Gray,35,0,140
MP01-32-Purple,35,0,140
MP01-33-Black,35,0,140
MP01-33-Gray,35,0,140
MP01-33-Purple,35,0,140
MP01-34-Black,35,0,140
MP01-34-Gray,35,0,140
MP01-34-Purple,35,0,140
MP01-36-Black,35,0,140
MP01-36-Gray,35,0,140
MP01-36-Purple,35,0,140
MP01,35,0,140
MP02-32-Blue,46,0,184
MP02-32-Gray,46,0,184
MP02-32-Red,46,0,184
MP02-33-Blue,46,0,184
MP02-33-Gray,46,0,184
MP02-33-Red,46,0,184
MP02-34-Blue,46,0,184
MP02-34-Gray,46,0,184
MP02-34-Red,46,0,184
MP02-36-Blue,46,0,184
MP02-36-Gray,46,0,184
MP02-36-Red,46,0,184
MP02,46,0,184
MP03-32-Blue,51,0,204
MP03-32-Green,51,0,204
MP03-32-Red,51,0,204
MP03-33-Blue,51,0,204
MP03-33-Green,51,0,204
MP03-33-Red,51,0,204
MP03-34-Blue,51,0,204
MP03-34-Green,51,0,204
MP03-34-Red,51,0,204
MP03-36-Blue,51,0,204
MP03-36-Green,51,0,204
MP03-36-Red,51,0,204
MP03,51,0,204
MP04-32-Black,45,0,180
MP04-32-Gray,45,0,180
MP04-32-Green,45,0,180
MP04-33-Black,45,0,180
MP04-33-Gray,45,0,180
MP04-33-Green,45,0,180
MP04-34-Black,45,0,180
MP04-34-Gray,45,0,180
MP04-34-Green,45,0,180
MP04-36-Black,45,0,180
MP04-36-Gray,45,0,180
MP04-36-Green,45,0,180
MP04,45,0,180
MP05-32-Black,57,0,228
MP05-32-Blue,57,0,228
MP05-32-Green,57,0,228
MP05-33-Black,57,0,228
MP05-33-Blue,57,0,228
MP05-33-Green,57,0,228
MP05-34-Black,57,0,228
MP05-34-Blue,57,0,228
MP05-34-Green,57,0,228
MP05-36-Black,57,0,228
MP05-36-Blue,57,0,228
MP05-36-Green,57,0,228
MP05,57,0,228
MP06-32-Gray,28,0,112
MP06-32-Green,28,0,112
MP06-32-Orange,28,0,112
MP06-33-Gray,28,0,112
MP06-33-Green,28,0,112
MP06-33-Orange,28,0,112
MP06-34-Gray,28,0,112
MP06-34-Green,28,0,112
MP06-34-Orange,28,0,112
MP06-36-Gray,28,0,112
MP06-36-Green,28,0,112
MP06-36-Orange,28,0,112
MP06,28,0,112
MP07-32-Black,68,0,272
MP07-32-Blue,68,0,272
MP07-32-Purple,68,0,272
MP07-33-Black,68,0,272
MP07-33-Blue,68,0,272
MP07-33-Purple,68,0,272
MP07-34-Black,68,0,272
MP07-34-Blue,68,0,272
MP07-34-Purple,68,0,272
MP07-36-Black,68,0,272
MP07-36-Blue,68,0,272
MP07-36-Purple,68,0,272
MP07,68,0,272
MP08-32-Blue,82,0,328
MP08-32-Green,82,0,328
MP08-32-Red,82,0,328
MP08-33-Blue,82,0,328
MP08-33-Green,82,0,328
MP08-33-Red,82,0,328
MP08-34-Blue,82,0,328
MP08-34-Green,82,0,328
MP08-34-Red,82,0,328
MP08-36-Blue,82,0,328
MP08-36-Green,82,0,328
MP08-36-Red,82,0,328
MP08,82,0,328
MP09-32-Black,75,0,300
MP09-32-Blue,75,0,300
MP09-32-Red,75,0,300
MP09-33-Black,75,0,300
MP09-33-Blue,75,0,300
MP09-33-Red,75,0,300
MP09-34-Black,75,0,300
MP09-34-Blue,75,0,300
MP09-34-Red,75,0,300
MP09-36-Black,75,0,300
MP09-36-Blue,75,0,300
MP09-36-Red,75,0,300
MP09,75,0,300
MP10-32-Black,66,0,264
MP10-32-Blue,66,0,264
MP10-32-Green,66,0,264
MP10-33-Black,66,0,264
MP10-33-Blue,66,0,264
MP10-33-Green,66,0,264
MP10-34-Black,66,0,264
MP10-34-Blue,66,0,264
MP10-34-Green,66,0,264
MP10-36-Black,66,0,264
MP10-36-Blue,66,0,264
MP10-36-Green,66,0,264
MP10,66,0,264
MP11-32-Blue,74,0,296
MP11-32-Brown,74,0,296
MP11-32-Green,74,0,296
MP11-33-Blue,74,0,296
MP11-33-Brown,74,0,296
MP11-33-Green,74,0,296
MP11-34-Blue,74,0,296
MP11-34-Brown,74,0,296
MP11-34-Green,74,0,296
MP11-36-Blue,74,0,296
MP11-36-Brown,74,0,296
MP11-36-Green,74,0,296
MP11,74,0,296
MP12-32-Black,48,0,192
MP12-32-Blue,48,0,192
MP12-32-Red,48,0,192
MP12-33-Black,48,0,192
MP12-33-Blue,48,0,192
MP12-33-Red,48,0,192
MP12-34-Black,48,0,192
MP12-34-Blue,48,0,192
MP12-34-Red,48,0,192
MP12-36-Black,48,0,192
MP12-36-Blue,48,0,192
MP12-36-Red,48,0,192
MP12,48,0,192
MSH01-32-Black,44,0,176
MSH01-32-Blue,44,0,176
MSH01-32-Red,44,0,176
MSH01-33-Black,44,0,176
MSH01-33-Blue,44,0,176
MSH01-33-Red,44,0,176
MSH01-34-Black,44,0,176
MSH01-34-Blue,44,0,176
MSH01-34-Red,44,0,176
MSH01-36-Black,44,0,176
MSH01-36-Blue,44,0,176
MSH01-36-Red,44,0,176
MSH01,44,0,176
MSH02-32-Black,32.5,0,130
MSH02-33-Black,32.5,0,130
MSH02-34-Black,32.5,0,130
MSH02-36-Black,32.5,0,130
MSH02,32.5,0,130
MSH03-32-Black,32.5,0,130
MSH03-32-Blue,32.5,0,130
MSH03-32-Green,32.5,0,130
MSH03-33-Black,32.5,0,130
MSH03-33-Blue,32.5,0,130
MSH03-33-Green,32.5,0,130
MSH03-34-Black,32.5,0,130
MSH03-34-Blue,32.5,0,130
MSH03-34-Green,32.5,0,130
MSH03-36-Black,32.5,0,130
MSH03-36-Blue,32.5,0,130
MSH03-36-Green,32.5,0,130
MSH03,32.5,0,130
MSH04-32-Gray,32.5,0,130
MSH04-32-Purple,32.5,0,130
MSH04-32-Yellow,32.5,0,130
MSH04-33-Gray,32.5,0,130
MSH04-33-Purple,32.5,0,130
MSH04-33-Yellow,32.5,0,130
MSH04-34-Gray,32.5,0,130
MSH04-34-Purple,32.5,0,130
MSH04-34-Yellow,32.5,0,130
MSH04-36-Gray,32.5,0,130
MSH04-36-Purple,32.5,0,130
MSH04-36-Yellow,32.5,0,130
MSH04,32.5,0,130
MSH05-32-Black,29,0,116
MSH05-32-Blue,29,0,116
MSH05-32-Gray,29,0,116
MSH05-33-Black,29,0,116
MSH05-33-Blue,29,0,116
MSH05-33-Gray,29,0,116
MSH05-34-Black,29,0,116
MSH05-34-Blue,29,0,116
MSH05-34-Gray,29,0,116
MSH05-36-Black,29,0,116
MSH05-36-Blue,29,0,116
MSH05-36-Gray,29,0,116
MSH05,29,0,116
MSH06-32-Blue,32,0,128
MSH06-32-Gray,32,0,128
MSH06-32-Red,32,0,128
MSH06-33-Blue,32,0,128
MSH06-33-Gray,32,0,128
MSH06-33-Red,32,0,128
MSH06-34-Blue,32,0,128
MSH06-34-Gray,32,0,128
MSH06-34-Red,32,0,128
MSH06-36-Blue,32,0,128
MSH06-36-Gray,32,0,128
MSH06-36-Red,32,0,128
MSH06,32,0,128
MSH07-32-Black,35,0,140
MSH07-32-Blue,35,0,140
MSH07-32-Purple,35,0,140
MSH07-33-Black,35,0,140
MSH07-33-Blue,35,0,140
MSH07-33-Purple,35,0,140
MSH07-34-Black,35,0,140
MSH07-34-Blue,35,0,140
MSH07-34-Purple,35,0,140
MSH07-36-Black,35,0,140
MSH07-36-Blue,35,0,140
MSH07-36-Purple,35,0,140
MSH07,35,0,140
MSH08-32-Black,35,0,140
MSH08-32-Blue,35,0,140
MSH08-32-Green,35,0,140
MSH08-33-Black,35,0,140
MSH08-33-Blue,35,0,140
MSH08-33-Green,35,0,140
MSH08-34-Black,35,0,140
MSH08-34-Blue,35,0,140
MSH08-34-Green,35,0,140
MSH08-36-Black,35,0,140
MSH08-36-Blue,35,0,140
MSH08-36-Green,35,0,140
MSH08,35,0,140
MSH09-32-Black,24,0,96
MSH09-32-Blue,24,0,96
MSH09-32-Green,24,0,96
MSH09-33-Black,24,0,96
MSH09-33-Blue,24,0,96
MSH09-33-Green,24,0,96
MSH09-34-Black,24,0,96
MSH09-34-Blue,24,0,96
MSH09-34-Green,24,0,96
MSH09-36-Black,24,0,96
MSH09-36-Blue,24,0,96
MSH09-36-Green,24,0,96
MSH09,24,0,96
MSH10-32-Blue,32,0,128
MSH10-32-Green,32,0,128
MSH10-32-Purple,32,0,128
MSH10-33-Blue,32,0,128
MSH10-33-Green,32,0,128
MSH10-33-Purple,32,0,128
MSH10-34-Blue,32,0,128
MSH10-34-Green,32,0,128
MSH10-34-Purple,32,0,128
MSH10-36-Blue,32,0,128
MSH10-36-Green,32,0,128
MSH10-36-Purple,32,0,128
MSH10,32,0,128
MSH11-32-Black,20,0,80
MSH11-32-Blue,20,0,80
MSH11-32-Red,20,0,80
MSH11-33-Black,20,0,80
MSH11-33-Blue,20,0,80
MSH11-33-Red,20,0,80
MSH11-34-Black,20,0,80
MSH11-34-Blue,20,0,80
MSH11-34-Red,20,0,80
MSH11-36-Black,20,0,80
MSH11-36-Blue,20,0,80
MSH11-36-Red,20,0,80
MSH11,20,0,80
MSH12-32-Black,27,0,108
MSH12-32-Gray,27,0,108
MSH12-32-Red,27,0,108
MSH12-33-Black,27,0,108
MSH12-33-Gray,27,0,108
MSH12-33-Red,27,0,108
MSH12-34-Black,27,0,108
MSH12-34-Gray,27,0,108
MSH12-34-Red,27,0,108
MSH12-36-Black,27,0,108
MSH12-36-Gray,27,0,108
MSH12-36-Red,27,0,108
MSH12,27,0,108
WH01-XS-Green,57,0,228
WH01-XS-Orange,57,0,228
WH01-XS-Purple,57,0,228
WH01-S-Green,57,0,228
WH01-S-Orange,57,0,228
WH01-S-Purple,57,0,228
WH01-M-Green,57,0,228
WH01-M-Orange,57,0,228
WH01-M-Purple,57,0,228
WH01-L-Green,57,0,228
WH01-L-Orange,57,0,228
WH01-L-Purple,57,0,228
WH01-XL-Green,57,0,228
WH01-XL-Orange,57,0,228
WH01-XL-Purple,57,0,228
WH01,57,0,228
WH02-XS-Blue,48,0,192
WH02-XS-Green,48,0,192
WH02-XS-Orange,48,0,192
WH02-S-Blue,48,0,192
WH02-S-Green,48,0,192
WH02-S-Orange,48,0,192
WH02-M-Blue,48,0,192
WH02-M-Green,48,0,192
WH02-M-Orange,48,0,192
WH02-L-Blue,48,0,192
WH02-L-Green,48,0,192
WH02-L-Orange,48,0,192
WH02-XL-Blue,48,0,192
WH02-XL-Green,48,0,192
WH02-XL-Orange,48,0,192
WH02,48,0,192
WH03-XS-Green,57,0,228
WH03-XS-Purple,57,0,228
WH03-XS-Red,57,0,228
WH03-S-Green,57,0,228
WH03-S-Purple,57,0,228
WH03-S-Red,57,0,228
WH03-M-Green,57,0,228
WH03-M-Purple,57,0,228
WH03-M-Red,57,0,228
WH03-L-Green,57,0,228
WH03-L-Purple,57,0,228
WH03-L-Red,57,0,228
WH03-XL-Green,57,0,228
WH03-XL-Purple,57,0,228
WH03-XL-Red,57,0,228
WH03,57,0,228
WH04-XS-Blue,69,0,276
WH04-XS-Orange,69,0,276
WH04-XS-Purple,69,0,276
WH04-S-Blue,69,0,276
WH04-S-Orange,69,0,276
WH04-S-Purple,69,0,276
WH04-M-Blue,69,0,276
WH04-M-Orange,69,0,276
WH04-M-Purple,69,0,276
WH04-L-Blue,69,0,276
WH04-L-Orange,69,0,276
WH04-L-Purple,69,0,276
WH04-XL-Blue,69,0,276
WH04-XL-Orange,69,0,276
WH04-XL-Purple,69,0,276
WH04,69,0,276
WH05-XS-Orange,42,0,168
WH05-XS-Purple,42,0,168
WH05-XS-White,42,0,168
WH05-S-Orange,42,0,168
WH05-S-Purple,42,0,168
WH05-S-White,42,0,168
WH05-M-Orange,42,0,168
WH05-M-Purple,42,0,168
WH05-M-White,42,0,168
WH05-L-Orange,42,0,168
WH05-L-Purple,42,0,168
WH05-L-White,42,0,168
WH05-XL-Orange,42,0,168
WH05-XL-Purple,42,0,168
WH05-XL-White,42,0,168
WH05,42,0,168
WH06-XS-Purple,59,0,236
WH06-S-Purple,59,0,236
WH06-M-Purple,59,0,236
WH06-L-Purple,59,0,236
WH06-XL-Purple,59,0,236
WH06,59,0,236
WH07-XS-Gray,59,0,236
WH07-XS-Purple,59,0,236
WH07-XS-White,59,0,236
WH07-S-Gray,59,0,236
WH07-S-Purple,59,0,236
WH07-S-White,59,0,236
WH07-M-Gray,59,0,236
WH07-M-Purple,59,0,236
WH07-M-White,59,0,236
WH07-L-Gray,59,0,236
WH07-L-Purple,59,0,236
WH07-L-White,59,0,236
WH07-XL-Gray,59,0,236
WH07-XL-Purple,59,0,236
WH07-XL-White,59,0,236
WH07,59,0,236
WH08-XS-Orange,48,0,192
WH08-XS-Purple,48,0,192
WH08-XS-White,48,0,192
WH08-S-Orange,48,0,192
WH08-S-Purple,48,0,192
WH08-S-White,48,0,192
WH08-M-Orange,48,0,192
WH08-M-Purple,48,0,192
WH08-M-White,48,0,192
WH08-L-Orange,48,0,192
WH08-L-Purple,48,0,192
WH08-L-White,48,0,192
WH08-XL-Orange,48,0,192
WH08-XL-Purple,48,0,192
WH08-XL-White,48,0,192
WH08,48,0,192
WH09-XS-Green,39,0,156
WH09-XS-Purple,39,0,156
WH09-XS-Red,39,0,156
WH09-S-Green,39,0,156
WH09-S-Purple,39,0,156
WH09-S-Red,39,0,156
WH09-M-Green,39,0,156
WH09-M-Purple,39,0,156
WH09-M-Red,39,0,156
WH09-L-Green,39,0,156
WH09-L-Purple,39,0,156
WH09-L-Red,39,0,156
WH09-XL-Green,39,0,156
WH09-XL-Purple,39,0,156
WH09-XL-Red,39,0,156
WH09,39,0,156
WH10-XS-Blue,55,0,220
WH10-XS-Gray,55,0,220
WH10-XS-Yellow,55,0,220
WH10-S-Blue,55,0,220
WH10-S-Gray,55,0,220
WH10-S-Yellow,55,0,220
WH10-M-Blue,55,0,220
WH10-M-Gray,55,0,220
WH10-M-Yellow,55,0,220
WH10-L-Blue,55,0,220
WH10-L-Gray,55,0,220
WH10-L-Yellow,55,0,220
WH10-XL-Blue,55,0,220
WH10-XL-Gray,55,0,220
WH10-XL-Yellow,55,0,220
WH10,55,0,220
WH11-XS-Blue,54,0,216
WH11-XS-Green,54,0,216
WH11-XS-Orange,54,0,216
WH11-S-Blue,54,0,216
WH11-S-Green,54,0,216
WH11-S-Orange,54,0,216
WH11-M-Blue,54,0,216
WH11-M-Green,54,0,216
WH11-M-Orange,54,0,216
WH11-L-Blue,54,0,216
WH11-L-Green,54,0,216
WH11-L-Orange,54,0,216
WH11-XL-Blue,54,0,216
WH11-XL-Green,54,0,216
WH11-XL-Orange,54,0,216
WH11,54,0,216
WH12-XS-Gray,68,0,272
WH12-XS-Green,68,0,272
WH12-XS-Purple,68,0,272
WH12-S-Gray,68,0,272
WH12-S-Green,68,0,272
WH12-S-Purple,68,0,272
WH12-M-Gray,68,0,272
WH12-M-Green,68,0,272
WH12-M-Purple,68,0,272
WH12-L-Gray,68,0,272
WH12-L-Green,68,0,272
WH12-L-Purple,68,0,272
WH12-XL-Gray,68,0,272
WH12-XL-Green,68,0,272
WH12-XL-Purple,68,0,272
WH12,68,0,272
WJ01-S-Blue,75,0,300
WJ01-S-Red,75,0,300
WJ01-S-Yellow,75,0,300
WJ01-M-Blue,75,0,300
WJ01-M-Red,75,0,300
WJ01-M-Yellow,75,0,300
WJ01-L-Blue,75,0,300
WJ01-L-Red,75,0,300
WJ01-L-Yellow,75,0,300
WJ01,75,0,300
WJ02-XS-Black,56.25,0,225
WJ02-XS-Blue,56.25,0,225
WJ02-XS-Gray,56.25,0,225
WJ02-S-Black,56.25,0,225
WJ02-S-Blue,56.25,0,225
WJ02-S-Gray,56.25,0,225
WJ02-M-Black,56.25,0,225
WJ02-M-Blue,56.25,0,225
WJ02-M-Gray,56.25,0,225
WJ02-L-Black,56.25,0,225
WJ02-L-Blue,56.25,0,225
WJ02-L-Gray,56.25,0,225
WJ02-XL-Black,56.25,0,225
WJ02-XL-Blue,56.25,0,225
WJ02-XL-Gray,56.25,0,225
WJ02,56.25,0,225
WJ03-XS-Blue,57,0,228
WJ03-XS-Orange,57,0,228
WJ03-XS-Red,57,0,228
WJ03-S-Blue,57,0,228
WJ03-S-Orange,57,0,228
WJ03-S-Red,57,0,228
WJ03-M-Blue,57,0,228
WJ03-M-Orange,57,0,228
WJ03-M-Red,57,0,228
WJ03-L-Blue,57,0,228
WJ03-L-Orange,57,0,228
WJ03-L-Red,57,0,228
WJ03-XL-Blue,57,0,228
WJ03-XL-Orange,57,0,228
WJ03-XL-Red,57,0,228
WJ03,57,0,228
WJ04-XS-Orange,84,0,336
WJ04-XS-Red,84,0,336
WJ04-XS-White,84,0,336
WJ04-S-Orange,84,0,336
WJ04-S-Red,84,0,336
WJ04-S-White,84,0,336
WJ04-M-Orange,84,0,336
WJ04-M-Red,84,0,336
WJ04-M-White,84,0,336
WJ04-L-Orange,84,0,336
WJ04-L-Red,84,0,336
WJ04-L-White,84,0,336
WJ04-XL-Orange,84,0,336
WJ04-XL-Red,84,0,336
WJ04-XL-White,84,0,336
WJ04,84,0,336
WJ05-XS-Brown,60,0,240
WJ05-XS-Green,60,0,240
WJ05-XS-Red,60,0,240
WJ05-S-Brown,60,0,240
WJ05-S-Green,60,0,240
WJ05-S-Red,60,0,240
WJ05-M-Brown,60,0,240
WJ05-M-Green,60,0,240
WJ05-M-Red,60,0,240
WJ05-L-Brown,60,0,240
WJ05-L-Green,60,0,240
WJ05-L-Red,60,0,240
WJ05-XL-Brown,60,0,240
WJ05-XL-Green,60,0,240
WJ05-XL-Red,60,0,240
WJ05,60,0,240
WJ07-XS-Orange,59,0,236
WJ07-XS-Purple,59,0,236
WJ07-XS-Red,59,0,236
WJ07-S-Orange,59,0,236
WJ07-S-Purple,59,0,236
WJ07-S-Red,59,0,236
WJ07-M-Orange,59,0,236
WJ07-M-Purple,59,0,236
WJ07-M-Red,59,0,236
WJ07-L-Orange,59,0,236
WJ07-L-Purple,59,0,236
WJ07-L-Red,59,0,236
WJ07-XL-Orange,59,0,236
WJ07-XL-Purple,59,0,236
WJ07-XL-Red,59,0,236
WJ07,59,0,236
WJ08-XS-Gray,57,0,228
WJ08-XS-Orange,57,0,228
WJ08-XS-Purple,57,0,228
WJ08-S-Gray,57,0,228
WJ08-S-Orange,57,0,228
WJ08-S-Purple,57,0,228
WJ08-M-Gray,57,0,228
WJ08-M-Orange,57,0,228
WJ08-M-Purple,57,0,228
WJ08-L-Gray,57,0,228
WJ08-L-Orange,57,0,228
WJ08-L-Purple,57,0,228
WJ08-XL-Gray,57,0,228
WJ08-XL-Orange,57,0,228
WJ08-XL-Purple,57,0,228
WJ08,57,0,228
WJ09-XS-Blue,32,0,128
WJ09-XS-Gray,32,0,128
WJ09-XS-Green,32,0,128
WJ09-S-Blue,32,0,128
WJ09-S-Gray,32,0,128
WJ09-S-Green,32,0,128
WJ09-M-Blue,32,0,128
WJ09-M-Gray,32,0,128
WJ09-M-Green,32,0,128
WJ09-L-Blue,32,0,128
WJ09-L-Gray,32,0,128
WJ09-L-Green,32,0,128
WJ09-XL-Blue,32,0,128
WJ09-XL-Gray,32,0,128
WJ09-XL-Green,32,0,128
WJ09,32,0,128
WJ10-XS-Black,69,0,276
WJ10-XS-Orange,69,0,276
WJ10-XS-Yellow,69,0,276
WJ10-S-Black,69,0,276
WJ10-S-Orange,69,0,276
WJ10-S-Yellow,69,0,276
WJ10-M-Black,69,0,276
WJ10-M-Orange,69,0,276
WJ10-M-Yellow,69,0,276
WJ10-L-Black,69,0,276
WJ10-L-Orange,69,0,276
WJ10-L-Yellow,69,0,276
WJ10-XL-Black,69,0,276
WJ10-XL-Orange,69,0,276
WJ10-XL-Yellow,69,0,276
WJ10,69,0,276
WJ11-XS-Black,69,0,276
WJ11-XS-Blue,69,0,276
WJ11-XS-Orange,69,0,276
WJ11-S-Black,69,0,276
WJ11-S-Blue,69,0,276
WJ11-S-Orange,69,0,276
WJ11-M-Black,69,0,276
WJ11-M-Blue,69,0,276
WJ11-M-Orange,69,0,276
WJ11-L-Black,69,0,276
WJ11-L-Blue,69,0,276
WJ11-L-Orange,69,0,276
WJ11-XL-Black,69,0,276
WJ11-XL-Blue,69,0,276
WJ11-XL-Orange,69,0,276
WJ11,69,0,276
WJ06-XS-Blue,77,0,308
WJ06-XS-Green,77,0,308
WJ06-XS-Purple,77,0,308
WJ06-S-Blue,77,0,308
WJ06-S-Green,77,0,308
WJ06-S-Purple,77,0,308
WJ06-M-Blue,77,0,308
WJ06-M-Green,77,0,308
WJ06-M-Purple,77,0,308
WJ06-L-Blue,77,0,308
WJ06-L-Green,77,0,308
WJ06-L-Purple,77,0,308
WJ06-XL-Blue,77,0,308
WJ06-XL-Green,77,0,308
WJ06-XL-Purple,77,0,308
WJ06,77,0,308
WJ12-XS-Black,77,0,308
WJ12-XS-Blue,77,0,308
WJ12-XS-Purple,77,0,308
WJ12-S-Black,77,0,308
WJ12-S-Blue,77,0,308
WJ12-S-Purple,77,0,308
WJ12-M-Black,77,0,308
WJ12-M-Blue,77,0,308
WJ12-M-Purple,77,0,308
WJ12-L-Black,77,0,308
WJ12-L-Blue,77,0,308
WJ12-L-Purple,77,0,308
WJ12-XL-Black,77,0,308
WJ12-XL-Blue,77,0,308
WJ12-XL-Purple,77,0,308
WJ12,77,0,308
WS02-XS-Blue,28,0,112
WS02-XS-Green,28,0,112
WS02-XS-Red,28,0,112
WS02-S-Blue,28,0,112
WS02-S-Green,28,0,112
WS02-S-Red,28,0,112
WS02-M-Blue,28,0,112
WS02-M-Green,28,0,112
WS02-M-Red,28,0,112
WS02-L-Blue,28,0,112
WS02-L-Green,28,0,112
WS02-L-Red,28,0,112
WS02-XL-Blue,28,0,112
WS02-XL-Green,28,0,112
WS02-XL-Red,28,0,112
WS02,28,0,112
WS03-XS-Blue,29,0,116
WS03-XS-Green,29,0,116
WS03-XS-Red,29,0,116
WS03-S-Blue,29,0,116
WS03-S-Green,29,0,116
WS03-S-Red,29,0,116
WS03-M-Blue,29,0,116
WS03-M-Green,29,0,116
WS03-M-Red,29,0,116
WS03-L-Blue,29,0,116
WS03-L-Green,29,0,116
WS03-L-Red,29,0,116
WS03-XL-Blue,29,0,116
WS03-XL-Green,29,0,116
WS03-XL-Red,29,0,116
WS03,29,0,116
WS04-XS-Blue,29,0,116
WS04-XS-Green,29,0,116
WS04-XS-Red,29,0,116
WS04-S-Blue,29,0,116
WS04-S-Green,29,0,116
WS04-S-Red,29,0,116
WS04-M-Blue,29,0,116
WS04-M-Green,29,0,116
WS04-M-Red,29,0,116
WS04-L-Blue,29,0,116
WS04-L-Green,29,0,116
WS04-L-Red,29,0,116
WS04-XL-Blue,29,0,116
WS04-XL-Green,29,0,116
WS04-XL-Red,29,0,116
WS04,29,0,116
WS06-XS-Gray,29,0,116
WS06-XS-Purple,29,0,116
WS06-XS-Red,29,0,116
WS06-S-Gray,29,0,116
WS06-S-Purple,29,0,116
WS06-S-Red,29,0,116
WS06-M-Gray,29,0,116
WS06-M-Purple,29,0,116
WS06-M-Red,29,0,116
WS06-L-Gray,29,0,116
WS06-L-Purple,29,0,116
WS06-L-Red,29,0,116
WS06-XL-Gray,29,0,116
WS06-XL-Purple,29,0,116
WS06-XL-Red,29,0,116
WS06,29,0,116
WS07-XS-Black,42,0,168
WS07-XS-White,42,0,168
WS07-XS-Yellow,42,0,168
WS07-S-Black,42,0,168
WS07-S-White,42,0,168
WS07-S-Yellow,42,0,168
WS07-M-Black,42,0,168
WS07-M-White,42,0,168
WS07-M-Yellow,42,0,168
WS07-L-Black,42,0,168
WS07-L-White,42,0,168
WS07-L-Yellow,42,0,168
WS07-XL-Black,42,0,168
WS07-XL-White,42,0,168
WS07-XL-Yellow,42,0,168
WS07,42,0,168
WS08-XS-Black,32,0,128
WS08-XS-Blue,32,0,128
WS08-XS-Red,32,0,128
WS08-S-Black,32,0,128
WS08-S-Blue,32,0,128
WS08-S-Red,32,0,128
WS08-M-Black,32,0,128
WS08-M-Blue,32,0,128
WS08-M-Red,32,0,128
WS08-L-Black,32,0,128
WS08-L-Blue,32,0,128
WS08-L-Red,32,0,128
WS08-XL-Black,32,0,128
WS08-XL-Blue,32,0,128
WS08-XL-Red,32,0,128
WS08,32,0,128
WS09-XS-Blue,28,0,112
WS09-XS-Red,28,0,112
WS09-XS-White,28,0,112
WS09-S-Blue,28,0,112
WS09-S-Red,28,0,112
WS09-S-White,28,0,112
WS09-M-Blue,28,0,112
WS09-M-Red,28,0,112
WS09-M-White,28,0,112
WS09-L-Blue,28,0,112
WS09-L-Red,28,0,112
WS09-L-White,28,0,112
WS09-XL-Blue,28,0,112
WS09-XL-Red,28,0,112
WS09-XL-White,28,0,112
WS09,28,0,112
WS10-XS-Green,32,0,128
WS10-XS-Red,32,0,128
WS10-XS-Yellow,32,0,128
WS10-S-Green,32,0,128
WS10-S-Red,32,0,128
WS10-S-Yellow,32,0,128
WS10-M-Green,32,0,128
WS10-M-Red,32,0,128
WS10-M-Yellow,32,0,128
WS10-L-Green,32,0,128
WS10-L-Red,32,0,128
WS10-L-Yellow,32,0,128
WS10-XL-Green,32,0,128
WS10-XL-Red,32,0,128
WS10-XL-Yellow,32,0,128
WS10,32,0,128
WS11-XS-Green,32,0,128
WS11-XS-Orange,32,0,128
WS11-XS-Yellow,32,0,128
WS11-S-Green,32,0,128
WS11-S-Orange,32,0,128
WS11-S-Yellow,32,0,128
WS11-M-Green,32,0,128
WS11-M-Orange,32,0,128
WS11-M-Yellow,32,0,128
WS11-L-Green,32,0,128
WS11-L-Orange,32,0,128
WS11-L-Yellow,32,0,128
WS11-XL-Green,32,0,128
WS11-XL-Orange,32,0,128
WS11-XL-Yellow,32,0,128
WS11,32,0,128
WS12-XS-Blue,22,0,88
WS12-XS-Orange,22,0,88
WS12-XS-Purple,22,0,88
WS12-S-Blue,22,0,88
WS12-S-Orange,22,0,88
WS12-S-Purple,22,0,88
WS12-M-Blue,22,0,88
WS12-M-Orange,22,0,88
WS12-M-Purple,22,0,88
WS12-L-Blue,22,0,88
WS12-L-Orange,22,0,88
WS12-L-Purple,22,0,88
WS12-XL-Blue,22,0,88
WS12-XL-Orange,22,0,88
WS12-XL-Purple,22,0,88
WS12,22,0,88
WS01-XS-Black,24,0,96
WS01-XS-Green,24,0,96
WS01-XS-Yellow,24,0,96
WS01-S-Black,24,0,96
WS01-S-Green,24,0,96
WS01-S-Yellow,24,0,96
WS01-M-Black,24,0,96
WS01-M-Green,24,0,96
WS01-M-Yellow,24,0,96
WS01-L-Black,24,0,96
WS01-L-Green,24,0,96
WS01-L-Yellow,24,0,96
WS01-XL-Black,24,0,96
WS01-XL-Green,24,0,96
WS01-XL-Yellow,24,0,96
WS01,24,0,96
WS05-XS-Black,24,0,96
WS05-XS-Orange,24,0,96
WS05-XS-Yellow,24,0,96
WS05-S-Black,24,0,96
WS05-S-Orange,24,0,96
WS05-S-Yellow,24,0,96
WS05-M-Black,24,0,96
WS05-M-Orange,24,0,96
WS05-M-Yellow,24,0,96
WS05-L-Black,24,0,96
WS05-L-Orange,24,0,96
WS05-L-Yellow,24,0,96
WS05-XL-Black,24,0,96
WS05-XL-Orange,24,0,96
WS05-XL-Yellow,24,0,96
WS05,24,0,96
WB01-XS-Black,39,0,156
WB01-XS-Gray,39,0,156
WB01-XS-Purple,39,0,156
WB01-S-Black,39,0,156
WB01-S-Gray,39,0,156
WB01-S-Purple,39,0,156
WB01-M-Black,39,0,156
WB01-M-Gray,39,0,156
WB01-M-Purple,39,0,156
WB01-L-Black,39,0,156
WB01-L-Gray,39,0,156
WB01-L-Purple,39,0,156
WB01-XL-Black,39,0,156
WB01-XL-Gray,39,0,156
WB01-XL-Purple,39,0,156
WB01,39,0,156
WB02-XS-Blue,39,0,156
WB02-XS-Orange,39,0,156
WB02-XS-Yellow,39,0,156
WB02-S-Blue,39,0,156
WB02-S-Orange,39,0,156
WB02-S-Yellow,39,0,156
WB02-M-Blue,39,0,156
WB02-M-Orange,39,0,156
WB02-M-Yellow,39,0,156
WB02-L-Blue,39,0,156
WB02-L-Orange,39,0,156
WB02-L-Yellow,39,0,156
WB02-XL-Blue,39,0,156
WB02-XL-Orange,39,0,156
WB02-XL-Yellow,39,0,156
WB02,39,0,156
WB03-XS-Green,39,0,156
WB03-XS-Red,39,0,156
WB03-XS-Yellow,39,0,156
WB03-S-Green,39,0,156
WB03-S-Red,39,0,156
WB03-S-Yellow,39,0,156
WB03-M-Green,39,0,156
WB03-M-Red,39,0,156
WB03-M-Yellow,39,0,156
WB03-L-Green,39,0,156
WB03-L-Red,39,0,156
WB03-L-Yellow,39,0,156
WB03-XL-Green,39,0,156
WB03-XL-Red,39,0,156
WB03-XL-Yellow,39,0,156
WB03,39,0,156
WB04-XS-Blue,24,0,96
WB04-XS-Purple,24,0,96
WB04-XS-Yellow,24,0,96
WB04-S-Blue,24,0,96
WB04-S-Purple,24,0,96
WB04-S-Yellow,24,0,96
WB04-M-Blue,24,0,96
WB04-M-Purple,24,0,96
WB04-M-Yellow,24,0,96
WB04-L-Blue,24,0,96
WB04-L-Purple,24,0,96
WB04-L-Yellow,24,0,96
WB04-XL-Blue,24,0,96
WB04-XL-Purple,24,0,96
WB04-XL-Yellow,24,0,96
WB04,24,0,96
WB05-XS-Black,39,0,156
WB05-XS-Orange,39,0,156
WB05-XS-Purple,39,0,156
WB05-S-Black,39,0,156
WB05-S-Orange,39,0,156
WB05-S-Purple,39,0,156
WB05-M-Black,39,0,156
WB05-M-Orange,39,0,156
WB05-M-Purple,39,0,156
WB05-L-Black,39,0,156
WB05-L-Orange,39,0,156
WB05-L-Purple,39,0,156
WB05-XL-Black,39,0,156
WB05-XL-Orange,39,0,156
WB05-XL-Purple,39,0,156
WB05,39,0,156
WT01-XS-Black,29,0,116
WT01-XS-Blue,29,0,116
WT01-XS-Orange,29,0,116
WT01-S-Black,29,0,116
WT01-S-Blue,29,0,116
WT01-S-Orange,29,0,116
WT01-M-Black,29,0,116
WT01-M-Blue,29,0,116
WT01-M-Orange,29,0,116
WT01-L-Black,29,0,116
WT01-L-Blue,29,0,116
WT01-L-Orange,29,0,116
WT01-XL-Black,29,0,116
WT01-XL-Blue,29,0,116
WT01-XL-Orange,29,0,116
WT01,29,0,116
WT02-XS-Green,29,0,116
WT02-XS-Orange,29,0,116
WT02-XS-Yellow,29,0,116
WT02-S-Green,29,0,116
WT02-S-Orange,29,0,116
WT02-S-Yellow,29,0,116
WT02-M-Green,29,0,116
WT02-M-Orange,29,0,116
WT02-M-Yellow,29,0,116
WT02-L-Green,29,0,116
WT02-L-Orange,29,0,116
WT02-L-Yellow,29,0,116
WT02-XL-Green,29,0,116
WT02-XL-Orange,29,0,116
WT02-XL-Yellow,29,0,116
WT02,29,0,116
WT03-XS-Orange,39,0,156
WT03-XS-Purple,39,0,156
WT03-XS-Red,39,0,156
WT03-S-Orange,39,0,156
WT03-S-Purple,39,0,156
WT03-S-Red,39,0,156
WT03-M-Orange,39,0,156
WT03-M-Purple,39,0,156
WT03-M-Red,39,0,156
WT03-L-Orange,39,0,156
WT03-L-Purple,39,0,156
WT03-L-Red,39,0,156
WT03-XL-Orange,39,0,156
WT03-XL-Purple,39,0,156
WT03-XL-Red,39,0,156
WT03,39,0,156
WT04-XS-Blue,39,0,156
WT04-XS-Purple,39,0,156
WT04-XS-Red,39,0,156
WT04-S-Blue,39,0,156
WT04-S-Purple,39,0,156
WT04-S-Red,39,0,156
WT04-M-Blue,39,0,156
WT04-M-Purple,39,0,156
WT04-M-Red,39,0,156
WT04-L-Blue,39,0,156
WT04-L-Purple,39,0,156
WT04-L-Red,39,0,156
WT04-XL-Blue,39,0,156
WT04-XL-Purple,39,0,156
WT04-XL-Red,39,0,156
WT04,39,0,156
WT05-XS-Orange,39,0,156
WT05-XS-Purple,39,0,156
WT05-XS-White,39,0,156
WT05-S-Orange,39,0,156
WT05-S-Purple,39,0,156
WT05-S-White,39,0,156
WT05-M-Orange,39,0,156
WT05-M-Purple,39,0,156
WT05-M-White,39,0,156
WT05-L-Orange,39,0,156
WT05-L-Purple,39,0,156
WT05-L-White,39,0,156
WT05-XL-Orange,39,0,156
WT05-XL-Purple,39,0,156
WT05-XL-White,39,0,156
WT05,39,0,156
WT06-XS-Blue,39,0,156
WT06-XS-Red,39,0,156
WT06-XS-Yellow,39,0,156
WT06-S-Blue,39,0,156
WT06-S-Red,39,0,156
WT06-S-Yellow,39,0,156
WT06-M-Blue,39,0,156
WT06-M-Red,39,0,156
WT06-M-Yellow,39,0,156
WT06-L-Blue,39,0,156
WT06-L-Red,39,0,156
WT06-L-Yellow,39,0,156
WT06-XL-Blue,39,0,156
WT06-XL-Red,39,0,156
WT06-XL-Yellow,39,0,156
WT06,39,0,156
WT07-XS-Green,29,0,116
WT07-XS-White,29,0,116
WT07-XS-Yellow,29,0,116
WT07-S-Green,29,0,116
WT07-S-White,29,0,116
WT07-S-Yellow,29,0,116
WT07-M-Green,29,0,116
WT07-M-White,29,0,116
WT07-M-Yellow,29,0,116
WT07-L-Green,29,0,116
WT07-L-White,29,0,116
WT07-L-Yellow,29,0,116
WT07-XL-Green,29,0,116
WT07-XL-White,29,0,116
WT07-XL-Yellow,29,0,116
WT07,29,0,116
WT08-XS-Black,34,0,136
WT08-XS-Purple,34,0,136
WT08-XS-Yellow,34,0,136
WT08-S-Black,34,0,136
WT08-S-Purple,34,0,136
WT08-S-Yellow,34,0,136
WT08-M-Black,34,0,136
WT08-M-Purple,34,0,136
WT08-M-Yellow,34,0,136
WT08-L-Black,34,0,136
WT08-L-Purple,34,0,136
WT08-L-Yellow,34,0,136
WT08-XL-Black,34,0,136
WT08-XL-Purple,34,0,136
WT08-XL-Yellow,34,0,136
WT08,34,0,136
WT09-XS-Purple,34,0,136
WT09-XS-White,34,0,136
WT09-XS-Yellow,34,0,136
WT09-S-Purple,34,0,136
WT09-S-White,34,0,136
WT09-S-Yellow,34,0,136
WT09-M-Purple,34,0,136
WT09-M-White,34,0,136
WT09-M-Yellow,34,0,136
WT09-L-Purple,34,0,136
WT09-L-White,34,0,136
WT09-L-Yellow,34,0,136
WT09-XL-Purple,34,0,136
WT09-XL-White,34,0,136
WT09-XL-Yellow,34,0,136
WT09,34,0,136
WP01-28-Black,39,0,156
WP01-28-Gray,39,0,156
WP01-28-White,39,0,156
WP01-29-Black,39,0,156
WP01-29-Gray,39,0,156
WP01-29-White,39,0,156
WP01,39,0,156
WP02-28-Blue,42,0,168
WP02-28-Purple,42,0,168
WP02-28-Red,42,0,168
WP02-29-Blue,42,0,168
WP02-29-Purple,42,0,168
WP02-29-Red,42,0,168
WP02,42,0,168
WP03-28-Black,48,0,192
WP03-28-Blue,48,0,192
WP03-28-Purple,48,0,192
WP03-29-Black,48,0,192
WP03-29-Blue,48,0,192
WP03-29-Purple,48,0,192
WP03,48,0,192
WP04-28-Black,75,0,300
WP04-28-Blue,75,0,300
WP04-28-White,75,0,300
WP04-29-Black,75,0,300
WP04-29-Blue,75,0,300
WP04-29-White,75,0,300
WP04,75,0,300
WP05-28-Blue,75,0,300
WP05-28-Gray,75,0,300
WP05-28-Red,75,0,300
WP05-29-Blue,75,0,300
WP05-29-Gray,75,0,300
WP05-29-Red,75,0,300
WP05,75,0,300
WP06-28-Black,59,0,236
WP06-28-Blue,59,0,236
WP06-28-Orange,59,0,236
WP06-29-Black,59,0,236
WP06-29-Blue,59,0,236
WP06-29-Orange,59,0,236
WP06,59,0,236
WP07-28-Black,48,0,192
WP07-28-Blue,48,0,192
WP07-28-Orange,48,0,192
WP07-29-Black,48,0,192
WP07-29-Blue,48,0,192
WP07-29-Orange,48,0,192
WP07,48,0,192
WP08-28-Black,48,0,192
WP08-28-Green,48,0,192
WP08-28-Red,48,0,192
WP08-29-Black,48,0,192
WP08-29-Green,48,0,192
WP08-29-Red,48,0,192
WP08,48,0,192
WP09-28-Black,51,0,204
WP09-28-Blue,51,0,204
WP09-28-Purple,51,0,204
WP09-29-Black,51,0,204
WP09-29-Blue,51,0,204
WP09-29-Purple,51,0,204
WP09,51,0,204
WP10-28-Black,51,0,204
WP10-28-Gray,51,0,204
WP10-28-White,51,0,204
WP10-29-Black,51,0,204
WP10-29-Gray,51,0,204
WP10-29-White,51,0,204
WP10,51,0,204
WP11-28-Blue,42,0,168
WP11-28-Green,42,0,168
WP11-28-Red,42,0,168
WP11-29-Blue,42,0,168
WP11-29-Green,42,0,168
WP11-29-Red,42,0,168
WP11,42,0,168
WP12-28-Blue,63,0,252
WP12-28-Gray,63,0,252
WP12-28-Green,63,0,252
WP12-29-Blue,63,0,252
WP12-29-Gray,63,0,252
WP12-29-Green,63,0,252
WP12,63,0,252
WP13-28-Blue,49,0,196
WP13-28-Green,49,0,196
WP13-28-Orange,49,0,196
WP13-29-Blue,49,0,196
WP13-29-Green,49,0,196
WP13-29-Orange,49,0,196
WP13,49,0,196
WSH01-28-Black,29,0,116
WSH01-28-Green,29,0,116
WSH01-28-Red,29,0,116
WSH01-29-Black,29,0,116
WSH01-29-Green,29,0,116
WSH01-29-Red,29,0,116
WSH01-30-Black,29,0,116
WSH01-30-Green,29,0,116
WSH01-30-Red,29,0,116
WSH01-31-Black,29,0,116
WSH01-31-Green,29,0,116
WSH01-31-Red,29,0,116
WSH01-32-Black,29,0,116
WSH01-32-Green,29,0,116
WSH01-32-Red,29,0,116
WSH01,29,0,116
WSH02-28-Gray,28,0,112
WSH02-28-Orange,28,0,112
WSH02-28-Yellow,28,0,112
WSH02-29-Gray,28,0,112
WSH02-29-Orange,28,0,112
WSH02-29-Yellow,28,0,112
WSH02-30-Gray,28,0,112
WSH02-30-Orange,28,0,112
WSH02-30-Yellow,28,0,112
WSH02-31-Gray,28,0,112
WSH02-31-Orange,28,0,112
WSH02-31-Yellow,28,0,112
WSH02-32-Gray,28,0,112
WSH02-32-Orange,28,0,112
WSH02-32-Yellow,28,0,112
WSH02,28,0,112
WSH03-28-Blue,50,0,200
WSH03-28-Gray,50,0,200
WSH03-28-Orange,50,0,200
WSH03-29-Blue,50,0,200
WSH03-29-Gray,50,0,200
WSH03-29-Orange,50,0,200
WSH03-30-Blue,50,0,200
WSH03-30-Gray,50,0,200
WSH03-30-Orange,50,0,200
WSH03-31-Blue,50,0,200
WSH03-31-Gray,50,0,200
WSH03-31-Orange,50,0,200
WSH03-32-Blue,50,0,200
WSH03-32-Gray,50,0,200
WSH03-32-Orange,50,0,200
WSH03,50,0,200
WSH04-28-Black,45,0,180
WSH04-28-Green,45,0,180
WSH04-28-Orange,45,0,180
WSH04-29-Black,45,0,180
WSH04-29-Green,45,0,180
WSH04-29-Orange,45,0,180
WSH04-30-Black,45,0,180
WSH04-30-Green,45,0,180
WSH04-30-Orange,45,0,180
WSH04-31-Black,45,0,180
WSH04-31-Green,45,0,180
WSH04-31-Orange,45,0,180
WSH04-32-Black,45,0,180
WSH04-32-Green,45,0,180
WSH04-32-Orange,45,0,180
WSH04,45,0,180
WSH05-28-Blue,28,0,112
WSH05-28-Purple,28,0,112
WSH05-28-Yellow,28,0,112
WSH05-29-Blue,28,0,112
WSH05-29-Purple,28,0,112
WSH05-29-Yellow,28,0,112
WSH05-30-Blue,28,0,112
WSH05-30-Purple,28,0,112
WSH05-30-Yellow,28,0,112
WSH05-31-Blue,28,0,112
WSH05-31-Purple,28,0,112
WSH05-31-Yellow,28,0,112
WSH05-32-Blue,28,0,112
WSH05-32-Purple,28,0,112
WSH05-32-Yellow,28,0,112
WSH05,28,0,112
WSH06-28-Gray,42,0,168
WSH06-28-Orange,42,0,168
WSH06-28-Purple,42,0,168
WSH06-29-Gray,42,0,168
WSH06-29-Orange,42,0,168
WSH06-29-Purple,42,0,168
WSH06,42,0,168
WSH07-28-Black,24,0,96
WSH07-28-Blue,24,0,96
WSH07-28-Purple,24,0,96
WSH07-29-Black,24,0,96
WSH07-29-Blue,24,0,96
WSH07-29-Purple,24,0,96
WSH07,24,0,96
WSH08-28-Purple,44,0,176
WSH08-29-Purple,44,0,176
WSH08-30-Purple,44,0,176
WSH08-31-Purple,44,0,176
WSH08-32-Purple,44,0,176
WSH08,44,0,176
WSH09-28-Gray,44,0,176
WSH09-28-Green,44,0,176
WSH09-28-White,44,0,176
WSH09-29-Gray,44,0,176
WSH09-29-Green,44,0,176
WSH09-29-White,44,0,176
WSH09,44,0,176
WSH10-28-Black,40,0,160
WSH10-28-Orange,40,0,160
WSH10-28-White,40,0,160
WSH10-29-Black,40,0,160
WSH10-29-Orange,40,0,160
WSH10-29-White,40,0,160
WSH10,40,0,160
WSH11-28-Blue,49,0,196
WSH11-28-Orange,49,0,196
WSH11-28-Red,49,0,196
WSH11-29-Blue,49,0,196
WSH11-29-Orange,49,0,196
WSH11-29-Red,49,0,196
WSH11,49,0,196
WSH12-28-Green,45,0,180
WSH12-28-Purple,45,0,180
WSH12-28-Red,45,0,180
WSH12-29-Green,45,0,180
WSH12-29-Purple,45,0,180
WSH12-29-Red,45,0,180
WSH12-30-Green,45,0,180
WSH12-30-Purple,45,0,180
WSH12-30-Red,45,0,180
WSH12-31-Green,45,0,180
WSH12-31-Purple,45,0,180
WSH12-31-Red,45,0,180
WSH12-32-Green,45,0,180
WSH12-32-Purple,45,0,180
WSH12-32-Red,45,0,180
WSH12,45,0,180
