sku,store_id,base_price,special_price,cost_price
24-MB01,0,49.36,12.34,4.936
24-MB04,0,147.96,36.99,14.796
24-MB03,0,152,38,15.2
24-MB05,0,180,45,18
24-MB06,0,180,45,18
24-MB02,0,236,59,23.6
24-UB02,0,296,74,29.6
24-WB01,0,128,32,12.8
24-WB02,0,128,32,12.8
24-WB05,0,128,32,12.8
24-WB06,0,132,33,13.2
24-WB03,0,144,36,14.4
24-WB07,0,180,45,18
24-WB04,0,180,45,18
24-UG06,0,28,7,2.8
24-UG07,0,48,12,4.8
24-UG04,0,48,12,4.8
24-UG02,0,64,16,6.4
24-UG05,0,76,19,7.6
24-UG01,0,76,19,7.6
24-WG084,0,20,5,2
24-WG088,0,76,19,7.6
24-UG03,0,88,22,8.8
24-WG081-gray,0,92,23,9.2
24-WG081-pink,0,92,23,9.2
24-WG081-blue,0,92,23,9.2
24-WG082-gray,0,108,27,10.8
24-WG082-pink,0,108,27,10.8
24-WG082-blue,0,108,27,10.8
24-WG083-gray,0,128,32,12.8
24-WG083-pink,0,128,32,12.8
24-WG083-blue,0,128,32,12.8
24-WG085,0,56,14,5.6
24-WG086,0,68,17,6.8
24-WG087,0,84,21,8.4
24-MG04,0,180,45,18
24-MG01,0,196,49,19.6
24-MG03,0,216,54,21.6
24-MG05,0,220,55,22
24-MG02,0,368,92,36.8
24-WG09,0,172,43,17.2
24-WG01,0,196,49,19.6
24-WG03,0,216,54,21.6
24-WG02,0,368,92,36.8
24-WG080,0,0,,0
240-LV04,0,24,6,2.4
240-LV05,0,56,14,5.6
240-LV06,0,88,22,8.8
240-LV07,0,56,14,5.6
240-LV08,0,72,18,7.2
240-LV09,0,0,0,0
MH01-XS-Black,0,208,52,20.8
MH01-XS-Gray,0,208,52,20.8
MH01-XS-Orange,0,208,52,20.8
MH01-S-Black,0,208,52,20.8
MH01-S-Gray,0,208,52,20.8
MH01-S-Orange,0,208,52,20.8
MH01-M-Black,0,208,52,20.8
MH01-M-Gray,0,208,52,20.8
MH01-M-Orange,0,208,52,20.8
MH01-L-Black,0,208,52,20.8
MH01-L-Gray,0,208,52,20.8
MH01-L-Orange,0,208,52,20.8
MH01-XL-Black,0,208,52,20.8
MH01-XL-Gray,0,208,52,20.8
MH01-XL-Orange,0,208,52,20.8
MH01,0,208,52,20.8
MH02-XS-Black,0,280,70,28
MH02-XS-Purple,0,280,70,28
MH02-XS-Red,0,280,70,28
MH02-S-Black,0,280,70,28
MH02-S-Purple,0,280,70,28
MH02-S-Red,0,280,70,28
MH02-M-Black,0,280,70,28
MH02-M-Purple,0,280,70,28
MH02-M-Red,0,280,70,28
MH02-L-Black,0,280,70,28
MH02-L-Purple,0,280,70,28
MH02-L-Red,0,280,70,28
MH02-XL-Black,0,280,70,28
MH02-XL-Purple,0,280,70,28
MH02-XL-Red,0,280,70,28
MH02,0,280,70,28
MH03-XS-Black,0,252,63,25.2
MH03-XS-Blue,0,252,63,25.2
MH03-XS-Green,0,252,63,25.2
MH03-S-Black,0,252,63,25.2
MH03-S-Blue,0,252,63,25.2
MH03-S-Green,0,252,63,25.2
MH03-M-Black,0,252,63,25.2
MH03-M-Blue,0,252,63,25.2
MH03-M-Green,0,252,63,25.2
MH03-L-Black,0,252,63,25.2
MH03-L-Blue,0,252,63,25.2
MH03-L-Green,0,252,63,25.2
MH03-XL-Black,0,252,63,25.2
MH03-XL-Blue,0,252,63,25.2
MH03-XL-Green,0,252,63,25.2
MH03,0,252,63,25.2
MH04-XS-Green,0,240,60,24
MH04-XS-White,0,240,60,24
MH04-XS-Yellow,0,240,60,24
MH04-S-Green,0,240,60,24
MH04-S-White,0,240,60,24
MH04-S-Yellow,0,240,60,24
MH04-M-Green,0,240,60,24
MH04-M-White,0,240,60,24
MH04-M-Yellow,0,240,60,24
MH04-L-Green,0,240,60,24
MH04-L-White,0,240,60,24
MH04-L-Yellow,0,240,60,24
MH04-XL-Green,0,240,60,24
MH04-XL-White,0,240,60,24
MH04-XL-Yellow,0,240,60,24
MH04,0,240,60,24
MH05-XS-Green,0,208,52,20.8
MH05-XS-Red,0,208,52,20.8
MH05-XS-White,0,208,52,20.8
MH05-S-Green,0,208,52,20.8
MH05-S-Red,0,208,52,20.8
MH05-S-White,0,208,52,20.8
MH05-M-Green,0,208,52,20.8
MH05-M-Red,0,208,52,20.8
MH05-M-White,0,208,52,20.8
MH05-L-Green,0,208,52,20.8
MH05-L-Red,0,208,52,20.8
MH05-L-White,0,208,52,20.8
MH05-XL-Green,0,208,52,20.8
MH05-XL-Red,0,208,52,20.8
MH05-XL-White,0,208,52,20.8
MH05,0,208,52,20.8
MH06-XS-Black,0,168,42,16.8
MH06-XS-Blue,0,168,42,16.8
MH06-XS-Purple,0,168,42,16.8
MH06-S-Black,0,168,42,16.8
MH06-S-Blue,0,168,42,16.8
MH06-S-Purple,0,168,42,16.8
MH06-M-Black,0,168,42,16.8
MH06-M-Blue,0,168,42,16.8
MH06-M-Purple,0,168,42,16.8
MH06-L-Black,0,168,42,16.8
MH06-L-Blue,0,168,42,16.8
MH06-L-Purple,0,168,42,16.8
MH06-XL-Black,0,168,42,16.8
MH06-XL-Blue,0,168,42,16.8
MH06-XL-Purple,0,168,42,16.8
MH06,0,168,42,16.8
MH07-XS-Black,0,216,54,21.6
MH07-XS-Gray,0,216,54,21.6
MH07-XS-Green,0,216,54,21.6
MH07-S-Black,0,216,54,21.6
MH07-S-Gray,0,216,54,21.6
MH07-S-Green,0,216,54,21.6
MH07-M-Black,0,216,54,21.6
MH07-M-Gray,0,216,54,21.6
MH07-M-Green,0,216,54,21.6
MH07-L-Black,0,216,54,21.6
MH07-L-Gray,0,216,54,21.6
MH07-L-Green,0,216,54,21.6
MH07-XL-Black,0,216,54,21.6
MH07-XL-Gray,0,216,54,21.6
MH07-XL-Green,0,216,54,21.6
MH07,0,216,54,21.6
MH08-XS-Brown,0,168,42,16.8
MH08-XS-Purple,0,168,42,16.8
MH08-XS-Red,0,168,42,16.8
MH08-S-Brown,0,168,42,16.8
MH08-S-Purple,0,168,42,16.8
MH08-S-Red,0,168,42,16.8
MH08-M-Brown,0,168,42,16.8
MH08-M-Purple,0,168,42,16.8
MH08-M-Red,0,168,42,16.8
MH08-L-Brown,0,168,42,16.8
MH08-L-Purple,0,168,42,16.8
MH08-L-Red,0,168,42,16.8
MH08-XL-Brown,0,168,42,16.8
MH08-XL-Purple,0,168,42,16.8
MH08-XL-Red,0,168,42,16.8
MH08,0,168,42,16.8
MH09-XS-Blue,0,276,69,27.6
MH09-XS-Green,0,276,69,27.6
MH09-XS-Red,0,276,69,27.6
MH09-S-Blue,0,276,69,27.6
MH09-S-Green,0,276,69,27.6
MH09-S-Red,0,276,69,27.6
MH09-M-Blue,0,276,69,27.6
MH09-M-Green,0,276,69,27.6
MH09-M-Red,0,276,69,27.6
MH09-L-Blue,0,276,69,27.6
MH09-L-Green,0,276,69,27.6
MH09-L-Red,0,276,69,27.6
MH09-XL-Blue,0,276,69,27.6
MH09-XL-Green,0,276,69,27.6
MH09-XL-Red,0,276,69,27.6
MH09,0,276,69,27.6
MH10-XS-Black,0,248,62,24.8
MH10-XS-Blue,0,248,62,24.8
MH10-XS-Red,0,248,62,24.8
MH10-S-Black,0,248,62,24.8
MH10-S-Blue,0,248,62,24.8
MH10-S-Red,0,248,62,24.8
MH10-M-Black,0,248,62,24.8
MH10-M-Blue,0,248,62,24.8
MH10-M-Red,0,248,62,24.8
MH10-L-Black,0,248,62,24.8
MH10-L-Blue,0,248,62,24.8
MH10-L-Red,0,248,62,24.8
MH10-XL-Black,0,248,62,24.8
MH10-XL-Blue,0,248,62,24.8
MH10-XL-Red,0,248,62,24.8
MH10,0,248,62,24.8
MH11-XS-Orange,0,256,64,25.6
MH11-XS-Red,0,256,64,25.6
MH11-XS-White,0,256,64,25.6
MH11-S-Orange,0,256,64,25.6
MH11-S-Red,0,256,64,25.6
MH11-S-White,0,256,64,25.6
MH11-M-Orange,0,256,64,25.6
MH11-M-Red,0,256,64,25.6
MH11-M-White,0,256,64,25.6
MH11-L-Orange,0,256,64,25.6
MH11-L-Red,0,256,64,25.6
MH11-L-White,0,256,64,25.6
MH11-XL-Orange,0,256,64,25.6
MH11-XL-Red,0,256,64,25.6
MH11-XL-White,0,256,64,25.6
MH11,0,256,64,25.6
MH12-XS-Blue,0,276,69,27.6
MH12-XS-Green,0,276,69,27.6
MH12-XS-Red,0,276,69,27.6
MH12-S-Blue,0,276,69,27.6
MH12-S-Green,0,276,69,27.6
MH12-S-Red,0,276,69,27.6
MH12-M-Blue,0,276,69,27.6
MH12-M-Green,0,276,69,27.6
MH12-M-Red,0,276,69,27.6
MH12-L-Blue,0,276,69,27.6
MH12-L-Green,0,276,69,27.6
MH12-L-Red,0,276,69,27.6
MH12-XL-Blue,0,276,69,27.6
MH12-XL-Green,0,276,69,27.6
MH12-XL-Red,0,276,69,27.6
MH12,0,276,69,27.6
MH13-XS-Blue,0,296,74,29.6
MH13-XS-Green,0,296,74,29.6
MH13-XS-Lavender,0,296,74,29.6
MH13-S-Blue,0,296,74,29.6
MH13-S-Green,0,296,74,29.6
MH13-S-Lavender,0,296,74,29.6
MH13-M-Blue,0,296,74,29.6
MH13-M-Green,0,296,74,29.6
MH13-M-Lavender,0,296,74,29.6
MH13-L-Blue,0,296,74,29.6
MH13-L-Green,0,296,74,29.6
MH13-L-Lavender,0,296,74,29.6
MH13-XL-Blue,0,296,74,29.6
MH13-XL-Green,0,296,74,29.6
MH13-XL-Lavender,0,296,74,29.6
MH13,0,296,74,29.6
MJ01-XS-Orange,0,168,42,16.8
MJ01-XS-Red,0,168,42,16.8
MJ01-XS-Yellow,0,168,42,16.8
MJ01-S-Orange,0,168,42,16.8
MJ01-S-Red,0,168,42,16.8
MJ01-S-Yellow,0,168,42,16.8
MJ01-M-Orange,0,168,42,16.8
MJ01-M-Red,0,168,42,16.8
MJ01-M-Yellow,0,168,42,16.8
MJ01-L-Orange,0,168,42,16.8
MJ01-L-Red,0,168,42,16.8
MJ01-L-Yellow,0,168,42,16.8
MJ01-XL-Orange,0,168,42,16.8
MJ01-XL-Red,0,168,42,16.8
MJ01-XL-Yellow,0,168,42,16.8
MJ01,0,168,42,16.8
MJ02-XS-Green,0,204,51,20.4
MJ02-XS-Orange,0,204,51,20.4
MJ02-XS-Red,0,204,51,20.4
MJ02-S-Green,0,204,51,20.4
MJ02-S-Orange,0,204,51,20.4
MJ02-S-Red,0,204,51,20.4
MJ02-M-Green,0,204,51,20.4
MJ02-M-Orange,0,204,51,20.4
MJ02-M-Red,0,204,51,20.4
MJ02-L-Green,0,204,51,20.4
MJ02-L-Orange,0,204,51,20.4
MJ02-L-Red,0,204,51,20.4
MJ02-XL-Green,0,204,51,20.4
MJ02-XL-Orange,0,204,51,20.4
MJ02-XL-Red,0,204,51,20.4
MJ02,0,204,51,20.4
MJ04-XS-Black,0,188,47,18.8
MJ04-XS-Blue,0,188,47,18.8
MJ04-XS-Purple,0,188,47,18.8
MJ04-S-Black,0,188,47,18.8
MJ04-S-Blue,0,188,47,18.8
MJ04-S-Purple,0,188,47,18.8
MJ04-M-Black,0,188,47,18.8
MJ04-M-Blue,0,188,47,18.8
MJ04-M-Purple,0,188,47,18.8
MJ04-L-Black,0,188,47,18.8
MJ04-L-Blue,0,188,47,18.8
MJ04-L-Purple,0,188,47,18.8
MJ04-XL-Black,0,188,47,18.8
MJ04-XL-Blue,0,188,47,18.8
MJ04-XL-Purple,0,188,47,18.8
MJ04,0,188,47,18.8
MJ07-XS-Black,0,288,72,28.8
MJ07-XS-Red,0,288,72,28.8
MJ07-XS-Yellow,0,288,72,28.8
MJ07-S-Black,0,288,72,28.8
MJ07-S-Red,0,288,72,28.8
MJ07-S-Yellow,0,288,72,28.8
MJ07-M-Black,0,288,72,28.8
MJ07-M-Red,0,288,72,28.8
MJ07-M-Yellow,0,288,72,28.8
MJ07-L-Black,0,288,72,28.8
MJ07-L-Red,0,288,72,28.8
MJ07-L-Yellow,0,288,72,28.8
MJ07-XL-Black,0,288,72,28.8
MJ07-XL-Red,0,288,72,28.8
MJ07-XL-Yellow,0,288,72,28.8
MJ07,0,288,72,28.8
MJ08-XS-Blue,0,396,99,39.6
MJ08-XS-Gray,0,396,99,39.6
MJ08-XS-Green,0,396,99,39.6
MJ08-S-Blue,0,396,99,39.6
MJ08-S-Gray,0,396,99,39.6
MJ08-S-Green,0,396,99,39.6
MJ08-M-Blue,0,396,99,39.6
MJ08-M-Gray,0,396,99,39.6
MJ08-M-Green,0,396,99,39.6
MJ08-L-Blue,0,396,99,39.6
MJ08-L-Gray,0,396,99,39.6
MJ08-L-Green,0,396,99,39.6
MJ08-XL-Blue,0,396,99,39.6
MJ08-XL-Gray,0,396,99,39.6
MJ08-XL-Green,0,396,99,39.6
MJ08,0,396,99,39.6
MJ09-XS-Blue,0,260,65,26
MJ09-XS-White,0,260,65,26
MJ09-XS-Yellow,0,260,65,26
MJ09-S-Blue,0,260,65,26
MJ09-S-White,0,260,65,26
MJ09-S-Yellow,0,260,65,26
MJ09-M-Blue,0,260,65,26
MJ09-M-White,0,260,65,26
MJ09-M-Yellow,0,260,65,26
MJ09-L-Blue,0,260,65,26
MJ09-L-White,0,260,65,26
MJ09-L-Yellow,0,260,65,26
MJ09-XL-Blue,0,260,65,26
MJ09-XL-White,0,260,65,26
MJ09-XL-Yellow,0,260,65,26
MJ09,0,260,65,26
MJ10-XS-Black,0,264,66,26.4
MJ10-XS-Orange,0,264,66,26.4
MJ10-XS-Red,0,264,66,26.4
MJ10-S-Black,0,264,66,26.4
MJ10-S-Orange,0,264,66,26.4
MJ10-S-Red,0,264,66,26.4
MJ10-M-Black,0,264,66,26.4
MJ10-M-Orange,0,264,66,26.4
MJ10-M-Red,0,264,66,26.4
MJ10-L-Black,0,264,66,26.4
MJ10-L-Orange,0,264,66,26.4
MJ10-L-Red,0,264,66,26.4
MJ10-XL-Black,0,264,66,26.4
MJ10-XL-Orange,0,264,66,26.4
MJ10-XL-Red,0,264,66,26.4
MJ10,0,264,66,26.4
MJ11-XS-Black,0,240,60,24
MJ11-XS-Green,0,240,60,24
MJ11-XS-Red,0,240,60,24
MJ11-S-Black,0,240,60,24
MJ11-S-Green,0,240,60,24
MJ11-S-Red,0,240,60,24
MJ11-M-Black,0,240,60,24
MJ11-M-Green,0,240,60,24
MJ11-M-Red,0,240,60,24
MJ11-L-Black,0,240,60,24
MJ11-L-Green,0,240,60,24
MJ11-L-Red,0,240,60,24
MJ11-XL-Black,0,240,60,24
MJ11-XL-Green,0,240,60,24
MJ11-XL-Red,0,240,60,24
MJ11,0,240,60,24
MJ06-XS-Blue,0,227.96,56.99,22.796
MJ06-XS-Green,0,227.96,56.99,22.796
MJ06-XS-Purple,0,227.96,56.99,22.796
MJ06-S-Blue,0,227.96,56.99,22.796
MJ06-S-Green,0,227.96,56.99,22.796
MJ06-S-Purple,0,227.96,56.99,22.796
MJ06-M-Blue,0,227.96,56.99,22.796
MJ06-M-Green,0,227.96,56.99,22.796
MJ06-M-Purple,0,227.96,56.99,22.796
MJ06-L-Blue,0,227.96,56.99,22.796
MJ06-L-Green,0,227.96,56.99,22.796
MJ06-L-Purple,0,227.96,56.99,22.796
MJ06-XL-Blue,0,227.96,56.99,22.796
MJ06-XL-Green,0,227.96,56.99,22.796
MJ06-XL-Purple,0,227.96,56.99,22.796
MJ06,0,227.96,56.99,22.796
MJ03-XS-Black,0,196,49,19.6
MJ03-XS-Green,0,196,49,19.6
MJ03-XS-Red,0,196,49,19.6
MJ03-S-Black,0,196,49,19.6
MJ03-S-Green,0,196,49,19.6
MJ03-S-Red,0,196,49,19.6
MJ03-M-Black,0,196,49,19.6
MJ03-M-Green,0,196,49,19.6
MJ03-M-Red,0,196,49,19.6
MJ03-L-Black,0,196,49,19.6
MJ03-L-Green,0,196,49,19.6
MJ03-L-Red,0,196,49,19.6
MJ03-XL-Black,0,196,49,19.6
MJ03-XL-Green,0,196,49,19.6
MJ03-XL-Red,0,196,49,19.6
MJ03,0,196,49,19.6
MJ12-XS-Black,0,180,45,18
MJ12-XS-Blue,0,180,45,18
MJ12-XS-Orange,0,180,45,18
MJ12-S-Black,0,180,45,18
MJ12-S-Blue,0,180,45,18
MJ12-S-Orange,0,180,45,18
MJ12-M-Black,0,180,45,18
MJ12-M-Blue,0,180,45,18
MJ12-M-Orange,0,180,45,18
MJ12-L-Black,0,180,45,18
MJ12-L-Blue,0,180,45,18
MJ12-L-Orange,0,180,45,18
MJ12-XL-Black,0,180,45,18
MJ12-XL-Blue,0,180,45,18
MJ12-XL-Orange,0,180,45,18
MJ12,0,180,45,18
MS04-XS-Black,0,116,29,11.6
MS04-XS-Orange,0,116,29,11.6
MS04-XS-Red,0,116,29,11.6
MS04-S-Black,0,116,29,11.6
MS04-S-Orange,0,116,29,11.6
MS04-S-Red,0,116,29,11.6
MS04-M-Black,0,116,29,11.6
MS04-M-Orange,0,116,29,11.6
MS04-M-Red,0,116,29,11.6
MS04-L-Black,0,116,29,11.6
MS04-L-Orange,0,116,29,11.6
MS04-L-Red,0,116,29,11.6
MS04-XL-Black,0,116,29,11.6
MS04-XL-Orange,0,116,29,11.6
MS04-XL-Red,0,116,29,11.6
MS04,0,116,29,11.6
MS05-XS-Black,0,96,24,9.6
MS05-XS-Blue,0,96,24,9.6
MS05-XS-Purple,0,96,24,9.6
MS05-S-Black,0,96,24,9.6
MS05-S-Blue,0,96,24,9.6
MS05-S-Purple,0,96,24,9.6
MS05-M-Black,0,96,24,9.6
MS05-M-Blue,0,96,24,9.6
MS05-M-Purple,0,96,24,9.6
MS05-L-Black,0,96,24,9.6
MS05-L-Blue,0,96,24,9.6
MS05-L-Purple,0,96,24,9.6
MS05-XL-Black,0,96,24,9.6
MS05-XL-Blue,0,96,24,9.6
MS05-XL-Purple,0,96,24,9.6
MS05,0,96,24,9.6
MS09-XS-Black,0,128,32,12.8
MS09-XS-Blue,0,128,32,12.8
MS09-XS-Red,0,128,32,12.8
MS09-S-Black,0,128,32,12.8
MS09-S-Blue,0,128,32,12.8
MS09-S-Red,0,128,32,12.8
MS09-M-Black,0,128,32,12.8
MS09-M-Blue,0,128,32,12.8
MS09-M-Red,0,128,32,12.8
MS09-L-Black,0,128,32,12.8
MS09-L-Blue,0,128,32,12.8
MS09-L-Red,0,128,32,12.8
MS09-XL-Black,0,128,32,12.8
MS09-XL-Blue,0,128,32,12.8
MS09-XL-Red,0,128,32,12.8
MS09,0,128,32,12.8
MS11-XS-Blue,0,112,28,11.2
MS11-XS-Green,0,112,28,11.2
MS11-XS-Yellow,0,112,28,11.2
MS11-S-Blue,0,112,28,11.2
MS11-S-Green,0,112,28,11.2
MS11-S-Yellow,0,112,28,11.2
MS11-M-Blue,0,112,28,11.2
MS11-M-Green,0,112,28,11.2
MS11-M-Yellow,0,112,28,11.2
MS11-L-Blue,0,112,28,11.2
MS11-L-Green,0,112,28,11.2
MS11-L-Yellow,0,112,28,11.2
MS11-XL-Blue,0,112,28,11.2
MS11-XL-Green,0,112,28,11.2
MS11-XL-Yellow,0,112,28,11.2
MS11,0,112,28,11.2
MS12-XS-Black,0,116,29,11.6
MS12-XS-Blue,0,116,29,11.6
MS12-XS-Red,0,116,29,11.6
MS12-S-Black,0,116,29,11.6
MS12-S-Blue,0,116,29,11.6
MS12-S-Red,0,116,29,11.6
MS12-M-Black,0,116,29,11.6
MS12-M-Blue,0,116,29,11.6
MS12-M-Red,0,116,29,11.6
MS12-L-Black,0,116,29,11.6
MS12-L-Blue,0,116,29,11.6
MS12-L-Red,0,116,29,11.6
MS12-XL-Black,0,116,29,11.6
MS12-XL-Blue,0,116,29,11.6
MS12-XL-Red,0,116,29,11.6
MS12,0,116,29,11.6
MS03-XS-Gray,0,116,29,11.6
MS03-XS-Green,0,116,29,11.6
MS03-XS-Orange,0,116,29,11.6
MS03-S-Gray,0,116,29,11.6
MS03-S-Green,0,116,29,11.6
MS03-S-Orange,0,116,29,11.6
MS03-M-Gray,0,116,29,11.6
MS03-M-Green,0,116,29,11.6
MS03-M-Orange,0,116,29,11.6
MS03-L-Gray,0,116,29,11.6
MS03-L-Green,0,116,29,11.6
MS03-L-Orange,0,116,29,11.6
MS03-XL-Gray,0,116,29,11.6
MS03-XL-Green,0,116,29,11.6
MS03-XL-Orange,0,116,29,11.6
MS03,0,116,29,11.6
MS06-XS-Blue,0,116,29,11.6
MS06-XS-Green,0,116,29,11.6
MS06-XS-Yellow,0,116,29,11.6
MS06-S-Blue,0,116,29,11.6
MS06-S-Green,0,116,29,11.6
MS06-S-Yellow,0,116,29,11.6
MS06-M-Blue,0,116,29,11.6
MS06-M-Green,0,116,29,11.6
MS06-M-Yellow,0,116,29,11.6
MS06-L-Blue,0,116,29,11.6
MS06-L-Green,0,116,29,11.6
MS06-L-Yellow,0,116,29,11.6
MS06-XL-Blue,0,116,29,11.6
MS06-XL-Green,0,116,29,11.6
MS06-XL-Yellow,0,116,29,11.6
MS06,0,116,29,11.6
MS01-XS-Black,0,96,24,9.6
MS01-XS-Brown,0,96,24,9.6
MS01-XS-Yellow,0,96,24,9.6
MS01-S-Black,0,96,24,9.6
MS01-S-Brown,0,96,24,9.6
MS01-S-Yellow,0,96,24,9.6
MS01-M-Black,0,96,24,9.6
MS01-M-Brown,0,96,24,9.6
MS01-M-Yellow,0,96,24,9.6
MS01-L-Black,0,96,24,9.6
MS01-L-Brown,0,96,24,9.6
MS01-L-Yellow,0,96,24,9.6
MS01-XL-Black,0,96,24,9.6
MS01-XL-Brown,0,96,24,9.6
MS01-XL-Yellow,0,96,24,9.6
MS01,0,96,24,9.6
MS02-XS-Black,0,112,28,11.2
MS02-XS-Blue,0,112,28,11.2
MS02-XS-Gray,0,112,28,11.2
MS02-S-Black,0,112,28,11.2
MS02-S-Blue,0,112,28,11.2
MS02-S-Gray,0,112,28,11.2
MS02-M-Black,0,112,28,11.2
MS02-M-Blue,0,112,28,11.2
MS02-M-Gray,0,112,28,11.2
MS02-L-Black,0,112,28,11.2
MS02-L-Blue,0,112,28,11.2
MS02-L-Gray,0,112,28,11.2
MS02-XL-Black,0,112,28,11.2
MS02-XL-Blue,0,112,28,11.2
MS02-XL-Gray,0,112,28,11.2
MS02,0,112,28,11.2
MS10-XS-Black,0,96,24,9.6
MS10-XS-Blue,0,96,24,9.6
MS10-XS-Red,0,96,24,9.6
MS10-S-Black,0,96,24,9.6
MS10-S-Blue,0,96,24,9.6
MS10-S-Red,0,96,24,9.6
MS10-M-Black,0,96,24,9.6
MS10-M-Blue,0,96,24,9.6
MS10-M-Red,0,96,24,9.6
MS10-L-Black,0,96,24,9.6
MS10-L-Blue,0,96,24,9.6
MS10-L-Red,0,96,24,9.6
MS10-XL-Black,0,96,24,9.6
MS10-XL-Blue,0,96,24,9.6
MS10-XL-Red,0,96,24,9.6
MS10,0,96,24,9.6
MS07-XS-Black,0,156,39,15.6
MS07-XS-Green,0,156,39,15.6
MS07-XS-White,0,156,39,15.6
MS07-S-Black,0,156,39,15.6
MS07-S-Green,0,156,39,15.6
MS07-S-White,0,156,39,15.6
MS07-M-Black,0,156,39,15.6
MS07-M-Green,0,156,39,15.6
MS07-M-White,0,156,39,15.6
MS07-L-Black,0,156,39,15.6
MS07-L-Green,0,156,39,15.6
MS07-L-White,0,156,39,15.6
MS07-XL-Black,0,156,39,15.6
MS07-XL-Green,0,156,39,15.6
MS07-XL-White,0,156,39,15.6
MS07,0,156,39,15.6
MS08-XS-Black,0,156,39,15.6
MS08-XS-Blue,0,156,39,15.6
MS08-XS-Red,0,156,39,15.6
MS08-S-Black,0,156,39,15.6
MS08-S-Blue,0,156,39,15.6
MS08-S-Red,0,156,39,15.6
MS08-M-Black,0,156,39,15.6
MS08-M-Blue,0,156,39,15.6
MS08-M-Red,0,156,39,15.6
MS08-L-Black,0,156,39,15.6
MS08-L-Blue,0,156,39,15.6
MS08-L-Red,0,156,39,15.6
MS08-XL-Black,0,156,39,15.6
MS08-XL-Blue,0,156,39,15.6
MS08-XL-Red,0,156,39,15.6
MS08,0,156,39,15.6
MT01-XS-Gray,0,116,29,11.6
MT01-XS-Orange,0,116,29,11.6
MT01-XS-Red,0,116,29,11.6
MT01-S-Gray,0,116,29,11.6
MT01-S-Orange,0,116,29,11.6
MT01-S-Red,0,116,29,11.6
MT01-M-Gray,0,116,29,11.6
MT01-M-Orange,0,116,29,11.6
MT01-M-Red,0,116,29,11.6
MT01-L-Gray,0,116,29,11.6
MT01-L-Orange,0,116,29,11.6
MT01-L-Red,0,116,29,11.6
MT01-XL-Gray,0,116,29,11.6
MT01-XL-Orange,0,116,29,11.6
MT01-XL-Red,0,116,29,11.6
MT01,0,116,29,11.6
MT02-XS-Gray,0,116,29,11.6
MT02-XS-Red,0,116,29,11.6
MT02-XS-White,0,116,29,11.6
MT02-S-Gray,0,116,29,11.6
MT02-S-Red,0,116,29,11.6
MT02-S-White,0,116,29,11.6
MT02-M-Gray,0,116,29,11.6
MT02-M-Red,0,116,29,11.6
MT02-M-White,0,116,29,11.6
MT02-L-Gray,0,116,29,11.6
MT02-L-Red,0,116,29,11.6
MT02-L-White,0,116,29,11.6
MT02-XL-Gray,0,116,29,11.6
MT02-XL-Red,0,116,29,11.6
MT02-XL-White,0,116,29,11.6
MT02,0,116,29,11.6
MT03-XS-Blue,0,116,29,11.6
MT03-XS-Red,0,116,29,11.6
MT03-XS-Yellow,0,116,29,11.6
MT03-S-Blue,0,116,29,11.6
MT03-S-Red,0,116,29,11.6
MT03-S-Yellow,0,116,29,11.6
MT03-M-Blue,0,116,29,11.6
MT03-M-Red,0,116,29,11.6
MT03-M-Yellow,0,116,29,11.6
MT03-L-Blue,0,116,29,11.6
MT03-L-Red,0,116,29,11.6
MT03-L-Yellow,0,116,29,11.6
MT03-XL-Blue,0,116,29,11.6
MT03-XL-Red,0,116,29,11.6
MT03-XL-Yellow,0,116,29,11.6
MT03,0,116,29,11.6
MT04-XS-Blue,0,128,32,12.8
MT04-S-Blue,0,128,32,12.8
MT04-M-Blue,0,128,32,12.8
MT04-L-Blue,0,128,32,12.8
MT04-XL-Blue,0,128,32,12.8
MT04,0,128,32,12.8
MT05-XS-Blue,0,96,24,9.6
MT05-S-Blue,0,96,24,9.6
MT05-M-Blue,0,96,24,9.6
MT05-L-Blue,0,96,24,9.6
MT05-XL-Blue,0,96,24,9.6
MT05,0,96,24,9.6
MT06-XS-Black,0,112,28,11.2
MT06-S-Black,0,112,28,11.2
MT06-M-Black,0,112,28,11.2
MT06-L-Black,0,112,28,11.2
MT06-XL-Black,0,112,28,11.2
MT06,0,112,28,11.2
MT07-XS-Gray,0,88,22,8.8
MT07-S-Gray,0,88,22,8.8
MT07-M-Gray,0,88,22,8.8
MT07-L-Gray,0,88,22,8.8
MT07-XL-Gray,0,88,22,8.8
MT07,0,88,22,8.8
MT08-XS-Green,0,116,29,11.6
MT08-S-Green,0,116,29,11.6
MT08-M-Green,0,116,29,11.6
MT08-L-Green,0,116,29,11.6
MT08-XL-Green,0,116,29,11.6
MT08,0,116,29,11.6
MT09-XS-Blue,0,116,29,11.6
MT09-S-Blue,0,116,29,11.6
MT09-M-Blue,0,116,29,11.6
MT09-L-Blue,0,116,29,11.6
MT09-XL-Blue,0,116,29,11.6
MT09,0,116,29,11.6
MT10-XS-Yellow,0,72,18,7.2
MT10-S-Yellow,0,72,18,7.2
MT10-M-Yellow,0,72,18,7.2
MT10-L-Yellow,0,72,18,7.2
MT10-XL-Yellow,0,72,18,7.2
MT10,0,72,18,7.2
MT11-XS-Blue,0,72,18,7.2
MT11-S-Blue,0,72,18,7.2
MT11-M-Blue,0,72,18,7.2
MT11-L-Blue,0,72,18,7.2
MT11-XL-Blue,0,72,18,7.2
MT11,0,72,18,7.2
MT12-XS-Blue,0,72,18,7.2
MT12-S-Blue,0,72,18,7.2
MT12-M-Blue,0,72,18,7.2
MT12-L-Blue,0,72,18,7.2
MT12-XL-Blue,0,72,18,7.2
MT12,0,72,18,7.2
MP01-32-Black,0,140,35,14
MP01-32-Gray,0,140,35,14
MP01-32-Purple,0,140,35,14
MP01-33-Black,0,140,35,14
MP01-33-Gray,0,140,35,14
MP01-33-Purple,0,140,35,14
MP01-34-Black,0,140,35,14
MP01-34-Gray,0,140,35,14
MP01-34-Purple,0,140,35,14
MP01-36-Black,0,140,35,14
MP01-36-Gray,0,140,35,14
MP01-36-Purple,0,140,35,14
MP01,0,140,35,14
MP02-32-Blue,0,184,46,18.4
MP02-32-Gray,0,184,46,18.4
MP02-32-Red,0,184,46,18.4
MP02-33-Blue,0,184,46,18.4
MP02-33-Gray,0,184,46,18.4
MP02-33-Red,0,184,46,18.4
MP02-34-Blue,0,184,46,18.4
MP02-34-Gray,0,184,46,18.4
MP02-34-Red,0,184,46,18.4
MP02-36-Blue,0,184,46,18.4
MP02-36-Gray,0,184,46,18.4
MP02-36-Red,0,184,46,18.4
MP02,0,184,46,18.4
MP03-32-Blue,0,204,51,20.4
MP03-32-Green,0,204,51,20.4
MP03-32-Red,0,204,51,20.4
MP03-33-Blue,0,204,51,20.4
MP03-33-Green,0,204,51,20.4
MP03-33-Red,0,204,51,20.4
MP03-34-Blue,0,204,51,20.4
MP03-34-Green,0,204,51,20.4
MP03-34-Red,0,204,51,20.4
MP03-36-Blue,0,204,51,20.4
MP03-36-Green,0,204,51,20.4
MP03-36-Red,0,204,51,20.4
MP03,0,204,51,20.4
MP04-32-Black,0,180,45,18
MP04-32-Gray,0,180,45,18
MP04-32-Green,0,180,45,18
MP04-33-Black,0,180,45,18
MP04-33-Gray,0,180,45,18
MP04-33-Green,0,180,45,18
MP04-34-Black,0,180,45,18
MP04-34-Gray,0,180,45,18
MP04-34-Green,0,180,45,18
MP04-36-Black,0,180,45,18
MP04-36-Gray,0,180,45,18
MP04-36-Green,0,180,45,18
MP04,0,180,45,18
MP05-32-Black,0,228,57,22.8
MP05-32-Blue,0,228,57,22.8
MP05-32-Green,0,228,57,22.8
MP05-33-Black,0,228,57,22.8
MP05-33-Blue,0,228,57,22.8
MP05-33-Green,0,228,57,22.8
MP05-34-Black,0,228,57,22.8
MP05-34-Blue,0,228,57,22.8
MP05-34-Green,0,228,57,22.8
MP05-36-Black,0,228,57,22.8
MP05-36-Blue,0,228,57,22.8
MP05-36-Green,0,228,57,22.8
MP05,0,228,57,22.8
MP06-32-Gray,0,112,28,11.2
MP06-32-Green,0,112,28,11.2
MP06-32-Orange,0,112,28,11.2
MP06-33-Gray,0,112,28,11.2
MP06-33-Green,0,112,28,11.2
MP06-33-Orange,0,112,28,11.2
MP06-34-Gray,0,112,28,11.2
MP06-34-Green,0,112,28,11.2
MP06-34-Orange,0,112,28,11.2
MP06-36-Gray,0,112,28,11.2
MP06-36-Green,0,112,28,11.2
MP06-36-Orange,0,112,28,11.2
MP06,0,112,28,11.2
MP07-32-Black,0,272,68,27.2
MP07-32-Blue,0,272,68,27.2
MP07-32-Purple,0,272,68,27.2
MP07-33-Black,0,272,68,27.2
MP07-33-Blue,0,272,68,27.2
MP07-33-Purple,0,272,68,27.2
MP07-34-Black,0,272,68,27.2
MP07-34-Blue,0,272,68,27.2
MP07-34-Purple,0,272,68,27.2
MP07-36-Black,0,272,68,27.2
MP07-36-Blue,0,272,68,27.2
MP07-36-Purple,0,272,68,27.2
MP07,0,272,68,27.2
MP08-32-Blue,0,328,82,32.8
MP08-32-Green,0,328,82,32.8
MP08-32-Red,0,328,82,32.8
MP08-33-Blue,0,328,82,32.8
MP08-33-Green,0,328,82,32.8
MP08-33-Red,0,328,82,32.8
MP08-34-Blue,0,328,82,32.8
MP08-34-Green,0,328,82,32.8
MP08-34-Red,0,328,82,32.8
MP08-36-Blue,0,328,82,32.8
MP08-36-Green,0,328,82,32.8
MP08-36-Red,0,328,82,32.8
MP08,0,328,82,32.8
MP09-32-Black,0,300,75,30
MP09-32-Blue,0,300,75,30
MP09-32-Red,0,300,75,30
MP09-33-Black,0,300,75,30
MP09-33-Blue,0,300,75,30
MP09-33-Red,0,300,75,30
MP09-34-Black,0,300,75,30
MP09-34-Blue,0,300,75,30
MP09-34-Red,0,300,75,30
MP09-36-Black,0,300,75,30
MP09-36-Blue,0,300,75,30
MP09-36-Red,0,300,75,30
MP09,0,300,75,30
MP10-32-Black,0,264,66,26.4
MP10-32-Blue,0,264,66,26.4
MP10-32-Green,0,264,66,26.4
MP10-33-Black,0,264,66,26.4
MP10-33-Blue,0,264,66,26.4
MP10-33-Green,0,264,66,26.4
MP10-34-Black,0,264,66,26.4
MP10-34-Blue,0,264,66,26.4
MP10-34-Green,0,264,66,26.4
MP10-36-Black,0,264,66,26.4
MP10-36-Blue,0,264,66,26.4
MP10-36-Green,0,264,66,26.4
MP10,0,264,66,26.4
MP11-32-Blue,0,296,74,29.6
MP11-32-Brown,0,296,74,29.6
MP11-32-Green,0,296,74,29.6
MP11-33-Blue,0,296,74,29.6
MP11-33-Brown,0,296,74,29.6
MP11-33-Green,0,296,74,29.6
MP11-34-Blue,0,296,74,29.6
MP11-34-Brown,0,296,74,29.6
MP11-34-Green,0,296,74,29.6
MP11-36-Blue,0,296,74,29.6
MP11-36-Brown,0,296,74,29.6
MP11-36-Green,0,296,74,29.6
MP11,0,296,74,29.6
MP12-32-Black,0,192,48,19.2
MP12-32-Blue,0,192,48,19.2
MP12-32-Red,0,192,48,19.2
MP12-33-Black,0,192,48,19.2
MP12-33-Blue,0,192,48,19.2
MP12-33-Red,0,192,48,19.2
MP12-34-Black,0,192,48,19.2
MP12-34-Blue,0,192,48,19.2
MP12-34-Red,0,192,48,19.2
MP12-36-Black,0,192,48,19.2
MP12-36-Blue,0,192,48,19.2
MP12-36-Red,0,192,48,19.2
MP12,0,192,48,19.2
MSH01-32-Black,0,176,44,17.6
MSH01-32-Blue,0,176,44,17.6
MSH01-32-Red,0,176,44,17.6
MSH01-33-Black,0,176,44,17.6
MSH01-33-Blue,0,176,44,17.6
MSH01-33-Red,0,176,44,17.6
MSH01-34-Black,0,176,44,17.6
MSH01-34-Blue,0,176,44,17.6
MSH01-34-Red,0,176,44,17.6
MSH01-36-Black,0,176,44,17.6
MSH01-36-Blue,0,176,44,17.6
MSH01-36-Red,0,176,44,17.6
MSH01,0,176,44,17.6
MSH02-32-Black,0,130,32.5,13
MSH02-33-Black,0,130,32.5,13
MSH02-34-Black,0,130,32.5,13
MSH02-36-Black,0,130,32.5,13
MSH02,0,130,32.5,13
MSH03-32-Black,0,130,32.5,13
MSH03-32-Blue,0,130,32.5,13
MSH03-32-Green,0,130,32.5,13
MSH03-33-Black,0,130,32.5,13
MSH03-33-Blue,0,130,32.5,13
MSH03-33-Green,0,130,32.5,13
MSH03-34-Black,0,130,32.5,13
MSH03-34-Blue,0,130,32.5,13
MSH03-34-Green,0,130,32.5,13
MSH03-36-Black,0,130,32.5,13
MSH03-36-Blue,0,130,32.5,13
MSH03-36-Green,0,130,32.5,13
MSH03,0,130,32.5,13
MSH04-32-Gray,0,130,32.5,13
MSH04-32-Purple,0,130,32.5,13
MSH04-32-Yellow,0,130,32.5,13
MSH04-33-Gray,0,130,32.5,13
MSH04-33-Purple,0,130,32.5,13
MSH04-33-Yellow,0,130,32.5,13
MSH04-34-Gray,0,130,32.5,13
MSH04-34-Purple,0,130,32.5,13
MSH04-34-Yellow,0,130,32.5,13
MSH04-36-Gray,0,130,32.5,13
MSH04-36-Purple,0,130,32.5,13
MSH04-36-Yellow,0,130,32.5,13
MSH04,0,130,32.5,13
MSH05-32-Black,0,116,29,11.6
MSH05-32-Blue,0,116,29,11.6
MSH05-32-Gray,0,116,29,11.6
MSH05-33-Black,0,116,29,11.6
MSH05-33-Blue,0,116,29,11.6
MSH05-33-Gray,0,116,29,11.6
MSH05-34-Black,0,116,29,11.6
MSH05-34-Blue,0,116,29,11.6
MSH05-34-Gray,0,116,29,11.6
MSH05-36-Black,0,116,29,11.6
MSH05-36-Blue,0,116,29,11.6
MSH05-36-Gray,0,116,29,11.6
MSH05,0,116,29,11.6
MSH06-32-Blue,0,128,32,12.8
MSH06-32-Gray,0,128,32,12.8
MSH06-32-Red,0,128,32,12.8
MSH06-33-Blue,0,128,32,12.8
MSH06-33-Gray,0,128,32,12.8
MSH06-33-Red,0,128,32,12.8
MSH06-34-Blue,0,128,32,12.8
MSH06-34-Gray,0,128,32,12.8
MSH06-34-Red,0,128,32,12.8
MSH06-36-Blue,0,128,32,12.8
MSH06-36-Gray,0,128,32,12.8
MSH06-36-Red,0,128,32,12.8
MSH06,0,128,32,12.8
MSH07-32-Black,0,140,35,14
MSH07-32-Blue,0,140,35,14
MSH07-32-Purple,0,140,35,14
MSH07-33-Black,0,140,35,14
MSH07-33-Blue,0,140,35,14
MSH07-33-Purple,0,140,35,14
MSH07-34-Black,0,140,35,14
MSH07-34-Blue,0,140,35,14
MSH07-34-Purple,0,140,35,14
MSH07-36-Black,0,140,35,14
MSH07-36-Blue,0,140,35,14
MSH07-36-Purple,0,140,35,14
MSH07,0,140,35,14
MSH08-32-Black,0,140,35,14
MSH08-32-Blue,0,140,35,14
MSH08-32-Green,0,140,35,14
MSH08-33-Black,0,140,35,14
MSH08-33-Blue,0,140,35,14
MSH08-33-Green,0,140,35,14
MSH08-34-Black,0,140,35,14
MSH08-34-Blue,0,140,35,14
MSH08-34-Green,0,140,35,14
MSH08-36-Black,0,140,35,14
MSH08-36-Blue,0,140,35,14
MSH08-36-Green,0,140,35,14
MSH08,0,140,35,14
MSH09-32-Black,0,96,24,9.6
MSH09-32-Blue,0,96,24,9.6
MSH09-32-Green,0,96,24,9.6
MSH09-33-Black,0,96,24,9.6
MSH09-33-Blue,0,96,24,9.6
MSH09-33-Green,0,96,24,9.6
MSH09-34-Black,0,96,24,9.6
MSH09-34-Blue,0,96,24,9.6
MSH09-34-Green,0,96,24,9.6
MSH09-36-Black,0,96,24,9.6
MSH09-36-Blue,0,96,24,9.6
MSH09-36-Green,0,96,24,9.6
MSH09,0,96,24,9.6
MSH10-32-Blue,0,128,32,12.8
MSH10-32-Green,0,128,32,12.8
MSH10-32-Purple,0,128,32,12.8
MSH10-33-Blue,0,128,32,12.8
MSH10-33-Green,0,128,32,12.8
MSH10-33-Purple,0,128,32,12.8
MSH10-34-Blue,0,128,32,12.8
MSH10-34-Green,0,128,32,12.8
MSH10-34-Purple,0,128,32,12.8
MSH10-36-Blue,0,128,32,12.8
MSH10-36-Green,0,128,32,12.8
MSH10-36-Purple,0,128,32,12.8
MSH10,0,128,32,12.8
MSH11-32-Black,0,80,20,8
MSH11-32-Blue,0,80,20,8
MSH11-32-Red,0,80,20,8
MSH11-33-Black,0,80,20,8
MSH11-33-Blue,0,80,20,8
MSH11-33-Red,0,80,20,8
MSH11-34-Black,0,80,20,8
MSH11-34-Blue,0,80,20,8
MSH11-34-Red,0,80,20,8
MSH11-36-Black,0,80,20,8
MSH11-36-Blue,0,80,20,8
MSH11-36-Red,0,80,20,8
MSH11,0,80,20,8
MSH12-32-Black,0,108,27,10.8
MSH12-32-Gray,0,108,27,10.8
MSH12-32-Red,0,108,27,10.8
MSH12-33-Black,0,108,27,10.8
MSH12-33-Gray,0,108,27,10.8
MSH12-33-Red,0,108,27,10.8
MSH12-34-Black,0,108,27,10.8
MSH12-34-Gray,0,108,27,10.8
MSH12-34-Red,0,108,27,10.8
MSH12-36-Black,0,108,27,10.8
MSH12-36-Gray,0,108,27,10.8
MSH12-36-Red,0,108,27,10.8
MSH12,0,108,27,10.8
WH01-XS-Green,0,228,57,22.8
WH01-XS-Orange,0,228,57,22.8
WH01-XS-Purple,0,228,57,22.8
WH01-S-Green,0,228,57,22.8
WH01-S-Orange,0,228,57,22.8
WH01-S-Purple,0,228,57,22.8
WH01-M-Green,0,228,57,22.8
WH01-M-Orange,0,228,57,22.8
WH01-M-Purple,0,228,57,22.8
WH01-L-Green,0,228,57,22.8
WH01-L-Orange,0,228,57,22.8
WH01-L-Purple,0,228,57,22.8
WH01-XL-Green,0,228,57,22.8
WH01-XL-Orange,0,228,57,22.8
WH01-XL-Purple,0,228,57,22.8
WH01,0,228,57,22.8
WH02-XS-Blue,0,192,48,19.2
WH02-XS-Green,0,192,48,19.2
WH02-XS-Orange,0,192,48,19.2
WH02-S-Blue,0,192,48,19.2
WH02-S-Green,0,192,48,19.2
WH02-S-Orange,0,192,48,19.2
WH02-M-Blue,0,192,48,19.2
WH02-M-Green,0,192,48,19.2
WH02-M-Orange,0,192,48,19.2
WH02-L-Blue,0,192,48,19.2
WH02-L-Green,0,192,48,19.2
WH02-L-Orange,0,192,48,19.2
WH02-XL-Blue,0,192,48,19.2
WH02-XL-Green,0,192,48,19.2
WH02-XL-Orange,0,192,48,19.2
WH02,0,192,48,19.2
WH03-XS-Green,0,228,57,22.8
WH03-XS-Purple,0,228,57,22.8
WH03-XS-Red,0,228,57,22.8
WH03-S-Green,0,228,57,22.8
WH03-S-Purple,0,228,57,22.8
WH03-S-Red,0,228,57,22.8
WH03-M-Green,0,228,57,22.8
WH03-M-Purple,0,228,57,22.8
WH03-M-Red,0,228,57,22.8
WH03-L-Green,0,228,57,22.8
WH03-L-Purple,0,228,57,22.8
WH03-L-Red,0,228,57,22.8
WH03-XL-Green,0,228,57,22.8
WH03-XL-Purple,0,228,57,22.8
WH03-XL-Red,0,228,57,22.8
WH03,0,228,57,22.8
WH04-XS-Blue,0,276,69,27.6
WH04-XS-Orange,0,276,69,27.6
WH04-XS-Purple,0,276,69,27.6
WH04-S-Blue,0,276,69,27.6
WH04-S-Orange,0,276,69,27.6
WH04-S-Purple,0,276,69,27.6
WH04-M-Blue,0,276,69,27.6
WH04-M-Orange,0,276,69,27.6
WH04-M-Purple,0,276,69,27.6
WH04-L-Blue,0,276,69,27.6
WH04-L-Orange,0,276,69,27.6
WH04-L-Purple,0,276,69,27.6
WH04-XL-Blue,0,276,69,27.6
WH04-XL-Orange,0,276,69,27.6
WH04-XL-Purple,0,276,69,27.6
WH04,0,276,69,27.6
WH05-XS-Orange,0,168,42,16.8
WH05-XS-Purple,0,168,42,16.8
WH05-XS-White,0,168,42,16.8
WH05-S-Orange,0,168,42,16.8
WH05-S-Purple,0,168,42,16.8
WH05-S-White,0,168,42,16.8
WH05-M-Orange,0,168,42,16.8
WH05-M-Purple,0,168,42,16.8
WH05-M-White,0,168,42,16.8
WH05-L-Orange,0,168,42,16.8
WH05-L-Purple,0,168,42,16.8
WH05-L-White,0,168,42,16.8
WH05-XL-Orange,0,168,42,16.8
WH05-XL-Purple,0,168,42,16.8
WH05-XL-White,0,168,42,16.8
WH05,0,168,42,16.8
WH06-XS-Purple,0,236,59,23.6
WH06-S-Purple,0,236,59,23.6
WH06-M-Purple,0,236,59,23.6
WH06-L-Purple,0,236,59,23.6
WH06-XL-Purple,0,236,59,23.6
WH06,0,236,59,23.6
WH07-XS-Gray,0,236,59,23.6
WH07-XS-Purple,0,236,59,23.6
WH07-XS-White,0,236,59,23.6
WH07-S-Gray,0,236,59,23.6
WH07-S-Purple,0,236,59,23.6
WH07-S-White,0,236,59,23.6
WH07-M-Gray,0,236,59,23.6
WH07-M-Purple,0,236,59,23.6
WH07-M-White,0,236,59,23.6
WH07-L-Gray,0,236,59,23.6
WH07-L-Purple,0,236,59,23.6
WH07-L-White,0,236,59,23.6
WH07-XL-Gray,0,236,59,23.6
WH07-XL-Purple,0,236,59,23.6
WH07-XL-White,0,236,59,23.6
WH07,0,236,59,23.6
WH08-XS-Orange,0,192,48,19.2
WH08-XS-Purple,0,192,48,19.2
WH08-XS-White,0,192,48,19.2
WH08-S-Orange,0,192,48,19.2
WH08-S-Purple,0,192,48,19.2
WH08-S-White,0,192,48,19.2
WH08-M-Orange,0,192,48,19.2
WH08-M-Purple,0,192,48,19.2
WH08-M-White,0,192,48,19.2
WH08-L-Orange,0,192,48,19.2
WH08-L-Purple,0,192,48,19.2
WH08-L-White,0,192,48,19.2
WH08-XL-Orange,0,192,48,19.2
WH08-XL-Purple,0,192,48,19.2
WH08-XL-White,0,192,48,19.2
WH08,0,192,48,19.2
WH09-XS-Green,0,156,39,15.6
WH09-XS-Purple,0,156,39,15.6
WH09-XS-Red,0,156,39,15.6
WH09-S-Green,0,156,39,15.6
WH09-S-Purple,0,156,39,15.6
WH09-S-Red,0,156,39,15.6
WH09-M-Green,0,156,39,15.6
WH09-M-Purple,0,156,39,15.6
WH09-M-Red,0,156,39,15.6
WH09-L-Green,0,156,39,15.6
WH09-L-Purple,0,156,39,15.6
WH09-L-Red,0,156,39,15.6
WH09-XL-Green,0,156,39,15.6
WH09-XL-Purple,0,156,39,15.6
WH09-XL-Red,0,156,39,15.6
WH09,0,156,39,15.6
WH10-XS-Blue,0,220,55,22
WH10-XS-Gray,0,220,55,22
WH10-XS-Yellow,0,220,55,22
WH10-S-Blue,0,220,55,22
WH10-S-Gray,0,220,55,22
WH10-S-Yellow,0,220,55,22
WH10-M-Blue,0,220,55,22
WH10-M-Gray,0,220,55,22
WH10-M-Yellow,0,220,55,22
WH10-L-Blue,0,220,55,22
WH10-L-Gray,0,220,55,22
WH10-L-Yellow,0,220,55,22
WH10-XL-Blue,0,220,55,22
WH10-XL-Gray,0,220,55,22
WH10-XL-Yellow,0,220,55,22
WH10,0,220,55,22
WH11-XS-Blue,0,216,54,21.6
WH11-XS-Green,0,216,54,21.6
WH11-XS-Orange,0,216,54,21.6
WH11-S-Blue,0,216,54,21.6
WH11-S-Green,0,216,54,21.6
WH11-S-Orange,0,216,54,21.6
WH11-M-Blue,0,216,54,21.6
WH11-M-Green,0,216,54,21.6
WH11-M-Orange,0,216,54,21.6
WH11-L-Blue,0,216,54,21.6
WH11-L-Green,0,216,54,21.6
WH11-L-Orange,0,216,54,21.6
WH11-XL-Blue,0,216,54,21.6
WH11-XL-Green,0,216,54,21.6
WH11-XL-Orange,0,216,54,21.6
WH11,0,216,54,21.6
WH12-XS-Gray,0,272,68,27.2
WH12-XS-Green,0,272,68,27.2
WH12-XS-Purple,0,272,68,27.2
WH12-S-Gray,0,272,68,27.2
WH12-S-Green,0,272,68,27.2
WH12-S-Purple,0,272,68,27.2
WH12-M-Gray,0,272,68,27.2
WH12-M-Green,0,272,68,27.2
WH12-M-Purple,0,272,68,27.2
WH12-L-Gray,0,272,68,27.2
WH12-L-Green,0,272,68,27.2
WH12-L-Purple,0,272,68,27.2
WH12-XL-Gray,0,272,68,27.2
WH12-XL-Green,0,272,68,27.2
WH12-XL-Purple,0,272,68,27.2
WH12,0,272,68,27.2
WJ01-S-Blue,0,300,75,30
WJ01-S-Red,0,300,75,30
WJ01-S-Yellow,0,300,75,30
WJ01-M-Blue,0,300,75,30
WJ01-M-Red,0,300,75,30
WJ01-M-Yellow,0,300,75,30
WJ01-L-Blue,0,300,75,30
WJ01-L-Red,0,300,75,30
WJ01-L-Yellow,0,300,75,30
WJ01,0,300,75,30
WJ02-XS-Black,0,225,56.25,22.5
WJ02-XS-Blue,0,225,56.25,22.5
WJ02-XS-Gray,0,225,56.25,22.5
WJ02-S-Black,0,225,56.25,22.5
WJ02-S-Blue,0,225,56.25,22.5
WJ02-S-Gray,0,225,56.25,22.5
WJ02-M-Black,0,225,56.25,22.5
WJ02-M-Blue,0,225,56.25,22.5
WJ02-M-Gray,0,225,56.25,22.5
WJ02-L-Black,0,225,56.25,22.5
WJ02-L-Blue,0,225,56.25,22.5
WJ02-L-Gray,0,225,56.25,22.5
WJ02-XL-Black,0,225,56.25,22.5
WJ02-XL-Blue,0,225,56.25,22.5
WJ02-XL-Gray,0,225,56.25,22.5
WJ02,0,225,56.25,22.5
WJ03-XS-Blue,0,228,57,22.8
WJ03-XS-Orange,0,228,57,22.8
WJ03-XS-Red,0,228,57,22.8
WJ03-S-Blue,0,228,57,22.8
WJ03-S-Orange,0,228,57,22.8
WJ03-S-Red,0,228,57,22.8
WJ03-M-Blue,0,228,57,22.8
WJ03-M-Orange,0,228,57,22.8
WJ03-M-Red,0,228,57,22.8
WJ03-L-Blue,0,228,57,22.8
WJ03-L-Orange,0,228,57,22.8
WJ03-L-Red,0,228,57,22.8
WJ03-XL-Blue,0,228,57,22.8
WJ03-XL-Orange,0,228,57,22.8
WJ03-XL-Red,0,228,57,22.8
WJ03,0,228,57,22.8
WJ04-XS-Orange,0,336,84,33.6
WJ04-XS-Red,0,336,84,33.6
WJ04-XS-White,0,336,84,33.6
WJ04-S-Orange,0,336,84,33.6
WJ04-S-Red,0,336,84,33.6
WJ04-S-White,0,336,84,33.6
WJ04-M-Orange,0,336,84,33.6
WJ04-M-Red,0,336,84,33.6
WJ04-M-White,0,336,84,33.6
WJ04-L-Orange,0,336,84,33.6
WJ04-L-Red,0,336,84,33.6
WJ04-L-White,0,336,84,33.6
WJ04-XL-Orange,0,336,84,33.6
WJ04-XL-Red,0,336,84,33.6
WJ04-XL-White,0,336,84,33.6
WJ04,0,336,84,33.6
WJ05-XS-Brown,0,240,60,24
WJ05-XS-Green,0,240,60,24
WJ05-XS-Red,0,240,60,24
WJ05-S-Brown,0,240,60,24
WJ05-S-Green,0,240,60,24
WJ05-S-Red,0,240,60,24
WJ05-M-Brown,0,240,60,24
WJ05-M-Green,0,240,60,24
WJ05-M-Red,0,240,60,24
WJ05-L-Brown,0,240,60,24
WJ05-L-Green,0,240,60,24
WJ05-L-Red,0,240,60,24
WJ05-XL-Brown,0,240,60,24
WJ05-XL-Green,0,240,60,24
WJ05-XL-Red,0,240,60,24
WJ05,0,240,60,24
WJ07-XS-Orange,0,236,59,23.6
WJ07-XS-Purple,0,236,59,23.6
WJ07-XS-Red,0,236,59,23.6
WJ07-S-Orange,0,236,59,23.6
WJ07-S-Purple,0,236,59,23.6
WJ07-S-Red,0,236,59,23.6
WJ07-M-Orange,0,236,59,23.6
WJ07-M-Purple,0,236,59,23.6
WJ07-M-Red,0,236,59,23.6
WJ07-L-Orange,0,236,59,23.6
WJ07-L-Purple,0,236,59,23.6
WJ07-L-Red,0,236,59,23.6
WJ07-XL-Orange,0,236,59,23.6
WJ07-XL-Purple,0,236,59,23.6
WJ07-XL-Red,0,236,59,23.6
WJ07,0,236,59,23.6
WJ08-XS-Gray,0,228,57,22.8
WJ08-XS-Orange,0,228,57,22.8
WJ08-XS-Purple,0,228,57,22.8
WJ08-S-Gray,0,228,57,22.8
WJ08-S-Orange,0,228,57,22.8
WJ08-S-Purple,0,228,57,22.8
WJ08-M-Gray,0,228,57,22.8
WJ08-M-Orange,0,228,57,22.8
WJ08-M-Purple,0,228,57,22.8
WJ08-L-Gray,0,228,57,22.8
WJ08-L-Orange,0,228,57,22.8
WJ08-L-Purple,0,228,57,22.8
WJ08-XL-Gray,0,228,57,22.8
WJ08-XL-Orange,0,228,57,22.8
WJ08-XL-Purple,0,228,57,22.8
WJ08,0,228,57,22.8
WJ09-XS-Blue,0,128,32,12.8
WJ09-XS-Gray,0,128,32,12.8
WJ09-XS-Green,0,128,32,12.8
WJ09-S-Blue,0,128,32,12.8
WJ09-S-Gray,0,128,32,12.8
WJ09-S-Green,0,128,32,12.8
WJ09-M-Blue,0,128,32,12.8
WJ09-M-Gray,0,128,32,12.8
WJ09-M-Green,0,128,32,12.8
WJ09-L-Blue,0,128,32,12.8
WJ09-L-Gray,0,128,32,12.8
WJ09-L-Green,0,128,32,12.8
WJ09-XL-Blue,0,128,32,12.8
WJ09-XL-Gray,0,128,32,12.8
WJ09-XL-Green,0,128,32,12.8
WJ09,0,128,32,12.8
WJ10-XS-Black,0,276,69,27.6
WJ10-XS-Orange,0,276,69,27.6
WJ10-XS-Yellow,0,276,69,27.6
WJ10-S-Black,0,276,69,27.6
WJ10-S-Orange,0,276,69,27.6
WJ10-S-Yellow,0,276,69,27.6
WJ10-M-Black,0,276,69,27.6
WJ10-M-Orange,0,276,69,27.6
WJ10-M-Yellow,0,276,69,27.6
WJ10-L-Black,0,276,69,27.6
WJ10-L-Orange,0,276,69,27.6
WJ10-L-Yellow,0,276,69,27.6
WJ10-XL-Black,0,276,69,27.6
WJ10-XL-Orange,0,276,69,27.6
WJ10-XL-Yellow,0,276,69,27.6
WJ10,0,276,69,27.6
WJ11-XS-Black,0,276,69,27.6
WJ11-XS-Blue,0,276,69,27.6
WJ11-XS-Orange,0,276,69,27.6
WJ11-S-Black,0,276,69,27.6
WJ11-S-Blue,0,276,69,27.6
WJ11-S-Orange,0,276,69,27.6
WJ11-M-Black,0,276,69,27.6
WJ11-M-Blue,0,276,69,27.6
WJ11-M-Orange,0,276,69,27.6
WJ11-L-Black,0,276,69,27.6
WJ11-L-Blue,0,276,69,27.6
WJ11-L-Orange,0,276,69,27.6
WJ11-XL-Black,0,276,69,27.6
WJ11-XL-Blue,0,276,69,27.6
WJ11-XL-Orange,0,276,69,27.6
WJ11,0,276,69,27.6
WJ06-XS-Blue,0,308,77,30.8
WJ06-XS-Green,0,308,77,30.8
WJ06-XS-Purple,0,308,77,30.8
WJ06-S-Blue,0,308,77,30.8
WJ06-S-Green,0,308,77,30.8
WJ06-S-Purple,0,308,77,30.8
WJ06-M-Blue,0,308,77,30.8
WJ06-M-Green,0,308,77,30.8
WJ06-M-Purple,0,308,77,30.8
WJ06-L-Blue,0,308,77,30.8
WJ06-L-Green,0,308,77,30.8
WJ06-L-Purple,0,308,77,30.8
WJ06-XL-Blue,0,308,77,30.8
WJ06-XL-Green,0,308,77,30.8
WJ06-XL-Purple,0,308,77,30.8
WJ06,0,308,77,30.8
WJ12-XS-Black,0,308,77,30.8
WJ12-XS-Blue,0,308,77,30.8
WJ12-XS-Purple,0,308,77,30.8
WJ12-S-Black,0,308,77,30.8
WJ12-S-Blue,0,308,77,30.8
WJ12-S-Purple,0,308,77,30.8
WJ12-M-Black,0,308,77,30.8
WJ12-M-Blue,0,308,77,30.8
WJ12-M-Purple,0,308,77,30.8
WJ12-L-Black,0,308,77,30.8
WJ12-L-Blue,0,308,77,30.8
WJ12-L-Purple,0,308,77,30.8
WJ12-XL-Black,0,308,77,30.8
WJ12-XL-Blue,0,308,77,30.8
WJ12-XL-Purple,0,308,77,30.8
WJ12,0,308,77,30.8
WS02-XS-Blue,0,112,28,11.2
WS02-XS-Green,0,112,28,11.2
WS02-XS-Red,0,112,28,11.2
WS02-S-Blue,0,112,28,11.2
WS02-S-Green,0,112,28,11.2
WS02-S-Red,0,112,28,11.2
WS02-M-Blue,0,112,28,11.2
WS02-M-Green,0,112,28,11.2
WS02-M-Red,0,112,28,11.2
WS02-L-Blue,0,112,28,11.2
WS02-L-Green,0,112,28,11.2
WS02-L-Red,0,112,28,11.2
WS02-XL-Blue,0,112,28,11.2
WS02-XL-Green,0,112,28,11.2
WS02-XL-Red,0,112,28,11.2
WS02,0,112,28,11.2
WS03-XS-Blue,0,116,29,11.6
WS03-XS-Green,0,116,29,11.6
WS03-XS-Red,0,116,29,11.6
WS03-S-Blue,0,116,29,11.6
WS03-S-Green,0,116,29,11.6
WS03-S-Red,0,116,29,11.6
WS03-M-Blue,0,116,29,11.6
WS03-M-Green,0,116,29,11.6
WS03-M-Red,0,116,29,11.6
WS03-L-Blue,0,116,29,11.6
WS03-L-Green,0,116,29,11.6
WS03-L-Red,0,116,29,11.6
WS03-XL-Blue,0,116,29,11.6
WS03-XL-Green,0,116,29,11.6
WS03-XL-Red,0,116,29,11.6
WS03,0,116,29,11.6
WS04-XS-Blue,0,116,29,11.6
WS04-XS-Green,0,116,29,11.6
WS04-XS-Red,0,116,29,11.6
WS04-S-Blue,0,116,29,11.6
WS04-S-Green,0,116,29,11.6
WS04-S-Red,0,116,29,11.6
WS04-M-Blue,0,116,29,11.6
WS04-M-Green,0,116,29,11.6
WS04-M-Red,0,116,29,11.6
WS04-L-Blue,0,116,29,11.6
WS04-L-Green,0,116,29,11.6
WS04-L-Red,0,116,29,11.6
WS04-XL-Blue,0,116,29,11.6
WS04-XL-Green,0,116,29,11.6
WS04-XL-Red,0,116,29,11.6
WS04,0,116,29,11.6
WS06-XS-Gray,0,116,29,11.6
WS06-XS-Purple,0,116,29,11.6
WS06-XS-Red,0,116,29,11.6
WS06-S-Gray,0,116,29,11.6
WS06-S-Purple,0,116,29,11.6
WS06-S-Red,0,116,29,11.6
WS06-M-Gray,0,116,29,11.6
WS06-M-Purple,0,116,29,11.6
WS06-M-Red,0,116,29,11.6
WS06-L-Gray,0,116,29,11.6
WS06-L-Purple,0,116,29,11.6
WS06-L-Red,0,116,29,11.6
WS06-XL-Gray,0,116,29,11.6
WS06-XL-Purple,0,116,29,11.6
WS06-XL-Red,0,116,29,11.6
WS06,0,116,29,11.6
WS07-XS-Black,0,168,42,16.8
WS07-XS-White,0,168,42,16.8
WS07-XS-Yellow,0,168,42,16.8
WS07-S-Black,0,168,42,16.8
WS07-S-White,0,168,42,16.8
WS07-S-Yellow,0,168,42,16.8
WS07-M-Black,0,168,42,16.8
WS07-M-White,0,168,42,16.8
WS07-M-Yellow,0,168,42,16.8
WS07-L-Black,0,168,42,16.8
WS07-L-White,0,168,42,16.8
WS07-L-Yellow,0,168,42,16.8
WS07-XL-Black,0,168,42,16.8
WS07-XL-White,0,168,42,16.8
WS07-XL-Yellow,0,168,42,16.8
WS07,0,168,42,16.8
WS08-XS-Black,0,128,32,12.8
WS08-XS-Blue,0,128,32,12.8
WS08-XS-Red,0,128,32,12.8
WS08-S-Black,0,128,32,12.8
WS08-S-Blue,0,128,32,12.8
WS08-S-Red,0,128,32,12.8
WS08-M-Black,0,128,32,12.8
WS08-M-Blue,0,128,32,12.8
WS08-M-Red,0,128,32,12.8
WS08-L-Black,0,128,32,12.8
WS08-L-Blue,0,128,32,12.8
WS08-L-Red,0,128,32,12.8
WS08-XL-Black,0,128,32,12.8
WS08-XL-Blue,0,128,32,12.8
WS08-XL-Red,0,128,32,12.8
WS08,0,128,32,12.8
WS09-XS-Blue,0,112,28,11.2
WS09-XS-Red,0,112,28,11.2
WS09-XS-White,0,112,28,11.2
WS09-S-Blue,0,112,28,11.2
WS09-S-Red,0,112,28,11.2
WS09-S-White,0,112,28,11.2
WS09-M-Blue,0,112,28,11.2
WS09-M-Red,0,112,28,11.2
WS09-M-White,0,112,28,11.2
WS09-L-Blue,0,112,28,11.2
WS09-L-Red,0,112,28,11.2
WS09-L-White,0,112,28,11.2
WS09-XL-Blue,0,112,28,11.2
WS09-XL-Red,0,112,28,11.2
WS09-XL-White,0,112,28,11.2
WS09,0,112,28,11.2
WS10-XS-Green,0,128,32,12.8
WS10-XS-Red,0,128,32,12.8
WS10-XS-Yellow,0,128,32,12.8
WS10-S-Green,0,128,32,12.8
WS10-S-Red,0,128,32,12.8
WS10-S-Yellow,0,128,32,12.8
WS10-M-Green,0,128,32,12.8
WS10-M-Red,0,128,32,12.8
WS10-M-Yellow,0,128,32,12.8
WS10-L-Green,0,128,32,12.8
WS10-L-Red,0,128,32,12.8
WS10-L-Yellow,0,128,32,12.8
WS10-XL-Green,0,128,32,12.8
WS10-XL-Red,0,128,32,12.8
WS10-XL-Yellow,0,128,32,12.8
WS10,0,128,32,12.8
WS11-XS-Green,0,128,32,12.8
WS11-XS-Orange,0,128,32,12.8
WS11-XS-Yellow,0,128,32,12.8
WS11-S-Green,0,128,32,12.8
WS11-S-Orange,0,128,32,12.8
WS11-S-Yellow,0,128,32,12.8
WS11-M-Green,0,128,32,12.8
WS11-M-Orange,0,128,32,12.8
WS11-M-Yellow,0,128,32,12.8
WS11-L-Green,0,128,32,12.8
WS11-L-Orange,0,128,32,12.8
WS11-L-Yellow,0,128,32,12.8
WS11-XL-Green,0,128,32,12.8
WS11-XL-Orange,0,128,32,12.8
WS11-XL-Yellow,0,128,32,12.8
WS11,0,128,32,12.8
WS12-XS-Blue,0,88,22,8.8
WS12-XS-Orange,0,88,22,8.8
WS12-XS-Purple,0,88,22,8.8
WS12-S-Blue,0,88,22,8.8
WS12-S-Orange,0,88,22,8.8
WS12-S-Purple,0,88,22,8.8
WS12-M-Blue,0,88,22,8.8
WS12-M-Orange,0,88,22,8.8
WS12-M-Purple,0,88,22,8.8
WS12-L-Blue,0,88,22,8.8
WS12-L-Orange,0,88,22,8.8
WS12-L-Purple,0,88,22,8.8
WS12-XL-Blue,0,88,22,8.8
WS12-XL-Orange,0,88,22,8.8
WS12-XL-Purple,0,88,22,8.8
WS12,0,88,22,8.8
WS01-XS-Black,0,96,24,9.6
WS01-XS-Green,0,96,24,9.6
WS01-XS-Yellow,0,96,24,9.6
WS01-S-Black,0,96,24,9.6
WS01-S-Green,0,96,24,9.6
WS01-S-Yellow,0,96,24,9.6
WS01-M-Black,0,96,24,9.6
WS01-M-Green,0,96,24,9.6
WS01-M-Yellow,0,96,24,9.6
WS01-L-Black,0,96,24,9.6
WS01-L-Green,0,96,24,9.6
WS01-L-Yellow,0,96,24,9.6
WS01-XL-Black,0,96,24,9.6
WS01-XL-Green,0,96,24,9.6
WS01-XL-Yellow,0,96,24,9.6
WS01,0,96,24,9.6
WS05-XS-Black,0,96,24,9.6
WS05-XS-Orange,0,96,24,9.6
WS05-XS-Yellow,0,96,24,9.6
WS05-S-Black,0,96,24,9.6
WS05-S-Orange,0,96,24,9.6
WS05-S-Yellow,0,96,24,9.6
WS05-M-Black,0,96,24,9.6
WS05-M-Orange,0,96,24,9.6
WS05-M-Yellow,0,96,24,9.6
WS05-L-Black,0,96,24,9.6
WS05-L-Orange,0,96,24,9.6
WS05-L-Yellow,0,96,24,9.6
WS05-XL-Black,0,96,24,9.6
WS05-XL-Orange,0,96,24,9.6
WS05-XL-Yellow,0,96,24,9.6
WS05,0,96,24,9.6
WB01-XS-Black,0,156,39,15.6
WB01-XS-Gray,0,156,39,15.6
WB01-XS-Purple,0,156,39,15.6
WB01-S-Black,0,156,39,15.6
WB01-S-Gray,0,156,39,15.6
WB01-S-Purple,0,156,39,15.6
WB01-M-Black,0,156,39,15.6
WB01-M-Gray,0,156,39,15.6
WB01-M-Purple,0,156,39,15.6
WB01-L-Black,0,156,39,15.6
WB01-L-Gray,0,156,39,15.6
WB01-L-Purple,0,156,39,15.6
WB01-XL-Black,0,156,39,15.6
WB01-XL-Gray,0,156,39,15.6
WB01-XL-Purple,0,156,39,15.6
WB01,0,156,39,15.6
WB02-XS-Blue,0,156,39,15.6
WB02-XS-Orange,0,156,39,15.6
WB02-XS-Yellow,0,156,39,15.6
WB02-S-Blue,0,156,39,15.6
WB02-S-Orange,0,156,39,15.6
WB02-S-Yellow,0,156,39,15.6
WB02-M-Blue,0,156,39,15.6
WB02-M-Orange,0,156,39,15.6
WB02-M-Yellow,0,156,39,15.6
WB02-L-Blue,0,156,39,15.6
WB02-L-Orange,0,156,39,15.6
WB02-L-Yellow,0,156,39,15.6
WB02-XL-Blue,0,156,39,15.6
WB02-XL-Orange,0,156,39,15.6
WB02-XL-Yellow,0,156,39,15.6
WB02,0,156,39,15.6
WB03-XS-Green,0,156,39,15.6
WB03-XS-Red,0,156,39,15.6
WB03-XS-Yellow,0,156,39,15.6
WB03-S-Green,0,156,39,15.6
WB03-S-Red,0,156,39,15.6
WB03-S-Yellow,0,156,39,15.6
WB03-M-Green,0,156,39,15.6
WB03-M-Red,0,156,39,15.6
WB03-M-Yellow,0,156,39,15.6
WB03-L-Green,0,156,39,15.6
WB03-L-Red,0,156,39,15.6
WB03-L-Yellow,0,156,39,15.6
WB03-XL-Green,0,156,39,15.6
WB03-XL-Red,0,156,39,15.6
WB03-XL-Yellow,0,156,39,15.6
WB03,0,156,39,15.6
WB04-XS-Blue,0,96,24,9.6
WB04-XS-Purple,0,96,24,9.6
WB04-XS-Yellow,0,96,24,9.6
WB04-S-Blue,0,96,24,9.6
WB04-S-Purple,0,96,24,9.6
WB04-S-Yellow,0,96,24,9.6
WB04-M-Blue,0,96,24,9.6
WB04-M-Purple,0,96,24,9.6
WB04-M-Yellow,0,96,24,9.6
WB04-L-Blue,0,96,24,9.6
WB04-L-Purple,0,96,24,9.6
WB04-L-Yellow,0,96,24,9.6
WB04-XL-Blue,0,96,24,9.6
WB04-XL-Purple,0,96,24,9.6
WB04-XL-Yellow,0,96,24,9.6
WB04,0,96,24,9.6
WB05-XS-Black,0,156,39,15.6
WB05-XS-Orange,0,156,39,15.6
WB05-XS-Purple,0,156,39,15.6
WB05-S-Black,0,156,39,15.6
WB05-S-Orange,0,156,39,15.6
WB05-S-Purple,0,156,39,15.6
WB05-M-Black,0,156,39,15.6
WB05-M-Orange,0,156,39,15.6
WB05-M-Purple,0,156,39,15.6
WB05-L-Black,0,156,39,15.6
WB05-L-Orange,0,156,39,15.6
WB05-L-Purple,0,156,39,15.6
WB05-XL-Black,0,156,39,15.6
WB05-XL-Orange,0,156,39,15.6
WB05-XL-Purple,0,156,39,15.6
WB05,0,156,39,15.6
WT01-XS-Black,0,116,29,11.6
WT01-XS-Blue,0,116,29,11.6
WT01-XS-Orange,0,116,29,11.6
WT01-S-Black,0,116,29,11.6
WT01-S-Blue,0,116,29,11.6
WT01-S-Orange,0,116,29,11.6
WT01-M-Black,0,116,29,11.6
WT01-M-Blue,0,116,29,11.6
WT01-M-Orange,0,116,29,11.6
WT01-L-Black,0,116,29,11.6
WT01-L-Blue,0,116,29,11.6
WT01-L-Orange,0,116,29,11.6
WT01-XL-Black,0,116,29,11.6
WT01-XL-Blue,0,116,29,11.6
WT01-XL-Orange,0,116,29,11.6
WT01,0,116,29,11.6
WT02-XS-Green,0,116,29,11.6
WT02-XS-Orange,0,116,29,11.6
WT02-XS-Yellow,0,116,29,11.6
WT02-S-Green,0,116,29,11.6
WT02-S-Orange,0,116,29,11.6
WT02-S-Yellow,0,116,29,11.6
WT02-M-Green,0,116,29,11.6
WT02-M-Orange,0,116,29,11.6
WT02-M-Yellow,0,116,29,11.6
WT02-L-Green,0,116,29,11.6
WT02-L-Orange,0,116,29,11.6
WT02-L-Yellow,0,116,29,11.6
WT02-XL-Green,0,116,29,11.6
WT02-XL-Orange,0,116,29,11.6
WT02-XL-Yellow,0,116,29,11.6
WT02,0,116,29,11.6
WT03-XS-Orange,0,156,39,15.6
WT03-XS-Purple,0,156,39,15.6
WT03-XS-Red,0,156,39,15.6
WT03-S-Orange,0,156,39,15.6
WT03-S-Purple,0,156,39,15.6
WT03-S-Red,0,156,39,15.6
WT03-M-Orange,0,156,39,15.6
WT03-M-Purple,0,156,39,15.6
WT03-M-Red,0,156,39,15.6
WT03-L-Orange,0,156,39,15.6
WT03-L-Purple,0,156,39,15.6
WT03-L-Red,0,156,39,15.6
WT03-XL-Orange,0,156,39,15.6
WT03-XL-Purple,0,156,39,15.6
WT03-XL-Red,0,156,39,15.6
WT03,0,156,39,15.6
WT04-XS-Blue,0,156,39,15.6
WT04-XS-Purple,0,156,39,15.6
WT04-XS-Red,0,156,39,15.6
WT04-S-Blue,0,156,39,15.6
WT04-S-Purple,0,156,39,15.6
WT04-S-Red,0,156,39,15.6
WT04-M-Blue,0,156,39,15.6
WT04-M-Purple,0,156,39,15.6
WT04-M-Red,0,156,39,15.6
WT04-L-Blue,0,156,39,15.6
WT04-L-Purple,0,156,39,15.6
WT04-L-Red,0,156,39,15.6
WT04-XL-Blue,0,156,39,15.6
WT04-XL-Purple,0,156,39,15.6
WT04-XL-Red,0,156,39,15.6
WT04,0,156,39,15.6
WT05-XS-Orange,0,156,39,15.6
WT05-XS-Purple,0,156,39,15.6
WT05-XS-White,0,156,39,15.6
WT05-S-Orange,0,156,39,15.6
WT05-S-Purple,0,156,39,15.6
WT05-S-White,0,156,39,15.6
WT05-M-Orange,0,156,39,15.6
WT05-M-Purple,0,156,39,15.6
WT05-M-White,0,156,39,15.6
WT05-L-Orange,0,156,39,15.6
WT05-L-Purple,0,156,39,15.6
WT05-L-White,0,156,39,15.6
WT05-XL-Orange,0,156,39,15.6
WT05-XL-Purple,0,156,39,15.6
WT05-XL-White,0,156,39,15.6
WT05,0,156,39,15.6
WT06-XS-Blue,0,156,39,15.6
WT06-XS-Red,0,156,39,15.6
WT06-XS-Yellow,0,156,39,15.6
WT06-S-Blue,0,156,39,15.6
WT06-S-Red,0,156,39,15.6
WT06-S-Yellow,0,156,39,15.6
WT06-M-Blue,0,156,39,15.6
WT06-M-Red,0,156,39,15.6
WT06-M-Yellow,0,156,39,15.6
WT06-L-Blue,0,156,39,15.6
WT06-L-Red,0,156,39,15.6
WT06-L-Yellow,0,156,39,15.6
WT06-XL-Blue,0,156,39,15.6
WT06-XL-Red,0,156,39,15.6
WT06-XL-Yellow,0,156,39,15.6
WT06,0,156,39,15.6
WT07-XS-Green,0,116,29,11.6
WT07-XS-White,0,116,29,11.6
WT07-XS-Yellow,0,116,29,11.6
WT07-S-Green,0,116,29,11.6
WT07-S-White,0,116,29,11.6
WT07-S-Yellow,0,116,29,11.6
WT07-M-Green,0,116,29,11.6
WT07-M-White,0,116,29,11.6
WT07-M-Yellow,0,116,29,11.6
WT07-L-Green,0,116,29,11.6
WT07-L-White,0,116,29,11.6
WT07-L-Yellow,0,116,29,11.6
WT07-XL-Green,0,116,29,11.6
WT07-XL-White,0,116,29,11.6
WT07-XL-Yellow,0,116,29,11.6
WT07,0,116,29,11.6
WT08-XS-Black,0,136,34,13.6
WT08-XS-Purple,0,136,34,13.6
WT08-XS-Yellow,0,136,34,13.6
WT08-S-Black,0,136,34,13.6
WT08-S-Purple,0,136,34,13.6
WT08-S-Yellow,0,136,34,13.6
WT08-M-Black,0,136,34,13.6
WT08-M-Purple,0,136,34,13.6
WT08-M-Yellow,0,136,34,13.6
WT08-L-Black,0,136,34,13.6
WT08-L-Purple,0,136,34,13.6
WT08-L-Yellow,0,136,34,13.6
WT08-XL-Black,0,136,34,13.6
WT08-XL-Purple,0,136,34,13.6
WT08-XL-Yellow,0,136,34,13.6
WT08,0,136,34,13.6
WT09-XS-Purple,0,136,34,13.6
WT09-XS-White,0,136,34,13.6
WT09-XS-Yellow,0,136,34,13.6
WT09-S-Purple,0,136,34,13.6
WT09-S-White,0,136,34,13.6
WT09-S-Yellow,0,136,34,13.6
WT09-M-Purple,0,136,34,13.6
WT09-M-White,0,136,34,13.6
WT09-M-Yellow,0,136,34,13.6
WT09-L-Purple,0,136,34,13.6
WT09-L-White,0,136,34,13.6
WT09-L-Yellow,0,136,34,13.6
WT09-XL-Purple,0,136,34,13.6
WT09-XL-White,0,136,34,13.6
WT09-XL-Yellow,0,136,34,13.6
WT09,0,136,34,13.6
WP01-28-Black,0,156,39,15.6
WP01-28-Gray,0,156,39,15.6
WP01-28-White,0,156,39,15.6
WP01-29-Black,0,156,39,15.6
WP01-29-Gray,0,156,39,15.6
WP01-29-White,0,156,39,15.6
WP01,0,156,39,15.6
WP02-28-Blue,0,168,42,16.8
WP02-28-Purple,0,168,42,16.8
WP02-28-Red,0,168,42,16.8
WP02-29-Blue,0,168,42,16.8
WP02-29-Purple,0,168,42,16.8
WP02-29-Red,0,168,42,16.8
WP02,0,168,42,16.8
WP03-28-Black,0,192,48,19.2
WP03-28-Blue,0,192,48,19.2
WP03-28-Purple,0,192,48,19.2
WP03-29-Black,0,192,48,19.2
WP03-29-Blue,0,192,48,19.2
WP03-29-Purple,0,192,48,19.2
WP03,0,192,48,19.2
WP04-28-Black,0,300,75,30
WP04-28-Blue,0,300,75,30
WP04-28-White,0,300,75,30
WP04-29-Black,0,300,75,30
WP04-29-Blue,0,300,75,30
WP04-29-White,0,300,75,30
WP04,0,300,75,30
WP05-28-Blue,0,300,75,30
WP05-28-Gray,0,300,75,30
WP05-28-Red,0,300,75,30
WP05-29-Blue,0,300,75,30
WP05-29-Gray,0,300,75,30
WP05-29-Red,0,300,75,30
WP05,0,300,75,30
WP06-28-Black,0,236,59,23.6
WP06-28-Blue,0,236,59,23.6
WP06-28-Orange,0,236,59,23.6
WP06-29-Black,0,236,59,23.6
WP06-29-Blue,0,236,59,23.6
WP06-29-Orange,0,236,59,23.6
WP06,0,236,59,23.6
WP07-28-Black,0,192,48,19.2
WP07-28-Blue,0,192,48,19.2
WP07-28-Orange,0,192,48,19.2
WP07-29-Black,0,192,48,19.2
WP07-29-Blue,0,192,48,19.2
WP07-29-Orange,0,192,48,19.2
WP07,0,192,48,19.2
WP08-28-Black,0,192,48,19.2
WP08-28-Green,0,192,48,19.2
WP08-28-Red,0,192,48,19.2
WP08-29-Black,0,192,48,19.2
WP08-29-Green,0,192,48,19.2
WP08-29-Red,0,192,48,19.2
WP08,0,192,48,19.2
WP09-28-Black,0,204,51,20.4
WP09-28-Blue,0,204,51,20.4
WP09-28-Purple,0,204,51,20.4
WP09-29-Black,0,204,51,20.4
WP09-29-Blue,0,204,51,20.4
WP09-29-Purple,0,204,51,20.4
WP09,0,204,51,20.4
WP10-28-Black,0,204,51,20.4
WP10-28-Gray,0,204,51,20.4
WP10-28-White,0,204,51,20.4
WP10-29-Black,0,204,51,20.4
WP10-29-Gray,0,204,51,20.4
WP10-29-White,0,204,51,20.4
WP10,0,204,51,20.4
WP11-28-Blue,0,168,42,16.8
WP11-28-Green,0,168,42,16.8
WP11-28-Red,0,168,42,16.8
WP11-29-Blue,0,168,42,16.8
WP11-29-Green,0,168,42,16.8
WP11-29-Red,0,168,42,16.8
WP11,0,168,42,16.8
WP12-28-Blue,0,252,63,25.2
WP12-28-Gray,0,252,63,25.2
WP12-28-Green,0,252,63,25.2
WP12-29-Blue,0,252,63,25.2
WP12-29-Gray,0,252,63,25.2
WP12-29-Green,0,252,63,25.2
WP12,0,252,63,25.2
WP13-28-Blue,0,196,49,19.6
WP13-28-Green,0,196,49,19.6
WP13-28-Orange,0,196,49,19.6
WP13-29-Blue,0,196,49,19.6
WP13-29-Green,0,196,49,19.6
WP13-29-Orange,0,196,49,19.6
WP13,0,196,49,19.6
WSH01-28-Black,0,116,29,11.6
WSH01-28-Green,0,116,29,11.6
WSH01-28-Red,0,116,29,11.6
WSH01-29-Black,0,116,29,11.6
WSH01-29-Green,0,116,29,11.6
WSH01-29-Red,0,116,29,11.6
WSH01-30-Black,0,116,29,11.6
WSH01-30-Green,0,116,29,11.6
WSH01-30-Red,0,116,29,11.6
WSH01-31-Black,0,116,29,11.6
WSH01-31-Green,0,116,29,11.6
WSH01-31-Red,0,116,29,11.6
WSH01-32-Black,0,116,29,11.6
WSH01-32-Green,0,116,29,11.6
WSH01-32-Red,0,116,29,11.6
WSH01,0,116,29,11.6
WSH02-28-Gray,0,112,28,11.2
WSH02-28-Orange,0,112,28,11.2
WSH02-28-Yellow,0,112,28,11.2
WSH02-29-Gray,0,112,28,11.2
WSH02-29-Orange,0,112,28,11.2
WSH02-29-Yellow,0,112,28,11.2
WSH02-30-Gray,0,112,28,11.2
WSH02-30-Orange,0,112,28,11.2
WSH02-30-Yellow,0,112,28,11.2
WSH02-31-Gray,0,112,28,11.2
WSH02-31-Orange,0,112,28,11.2
WSH02-31-Yellow,0,112,28,11.2
WSH02-32-Gray,0,112,28,11.2
WSH02-32-Orange,0,112,28,11.2
WSH02-32-Yellow,0,112,28,11.2
WSH02,0,112,28,11.2
WSH03-28-Blue,0,200,50,20
WSH03-28-Gray,0,200,50,20
WSH03-28-Orange,0,200,50,20
WSH03-29-Blue,0,200,50,20
WSH03-29-Gray,0,200,50,20
WSH03-29-Orange,0,200,50,20
WSH03-30-Blue,0,200,50,20
WSH03-30-Gray,0,200,50,20
WSH03-30-Orange,0,200,50,20
WSH03-31-Blue,0,200,50,20
WSH03-31-Gray,0,200,50,20
WSH03-31-Orange,0,200,50,20
WSH03-32-Blue,0,200,50,20
WSH03-32-Gray,0,200,50,20
WSH03-32-Orange,0,200,50,20
WSH03,0,200,50,20
WSH04-28-Black,0,180,45,18
WSH04-28-Green,0,180,45,18
WSH04-28-Orange,0,180,45,18
WSH04-29-Black,0,180,45,18
WSH04-29-Green,0,180,45,18
WSH04-29-Orange,0,180,45,18
WSH04-30-Black,0,180,45,18
WSH04-30-Green,0,180,45,18
WSH04-30-Orange,0,180,45,18
WSH04-31-Black,0,180,45,18
WSH04-31-Green,0,180,45,18
WSH04-31-Orange,0,180,45,18
WSH04-32-Black,0,180,45,18
WSH04-32-Green,0,180,45,18
WSH04-32-Orange,0,180,45,18
WSH04,0,180,45,18
WSH05-28-Blue,0,112,28,11.2
WSH05-28-Purple,0,112,28,11.2
WSH05-28-Yellow,0,112,28,11.2
WSH05-29-Blue,0,112,28,11.2
WSH05-29-Purple,0,112,28,11.2
WSH05-29-Yellow,0,112,28,11.2
WSH05-30-Blue,0,112,28,11.2
WSH05-30-Purple,0,112,28,11.2
WSH05-30-Yellow,0,112,28,11.2
WSH05-31-Blue,0,112,28,11.2
WSH05-31-Purple,0,112,28,11.2
WSH05-31-Yellow,0,112,28,11.2
WSH05-32-Blue,0,112,28,11.2
WSH05-32-Purple,0,112,28,11.2
WSH05-32-Yellow,0,112,28,11.2
WSH05,0,112,28,11.2
WSH06-28-Gray,0,168,42,16.8
WSH06-28-Orange,0,168,42,16.8
WSH06-28-Purple,0,168,42,16.8
WSH06-29-Gray,0,168,42,16.8
WSH06-29-Orange,0,168,42,16.8
WSH06-29-Purple,0,168,42,16.8
WSH06,0,168,42,16.8
WSH07-28-Black,0,96,24,9.6
WSH07-28-Blue,0,96,24,9.6
WSH07-28-Purple,0,96,24,9.6
WSH07-29-Black,0,96,24,9.6
WSH07-29-Blue,0,96,24,9.6
WSH07-29-Purple,0,96,24,9.6
WSH07,0,96,24,9.6
WSH08-28-Purple,0,176,44,17.6
WSH08-29-Purple,0,176,44,17.6
WSH08-30-Purple,0,176,44,17.6
WSH08-31-Purple,0,176,44,17.6
WSH08-32-Purple,0,176,44,17.6
WSH08,0,176,44,17.6
WSH09-28-Gray,0,176,44,17.6
WSH09-28-Green,0,176,44,17.6
WSH09-28-White,0,176,44,17.6
WSH09-29-Gray,0,176,44,17.6
WSH09-29-Green,0,176,44,17.6
WSH09-29-White,0,176,44,17.6
WSH09,0,176,44,17.6
WSH10-28-Black,0,160,40,16
WSH10-28-Orange,0,160,40,16
WSH10-28-White,0,160,40,16
WSH10-29-Black,0,160,40,16
WSH10-29-Orange,0,160,40,16
WSH10-29-White,0,160,40,16
WSH10,0,160,40,16
WSH11-28-Blue,0,196,49,19.6
WSH11-28-Orange,0,196,49,19.6
WSH11-28-Red,0,196,49,19.6
WSH11-29-Blue,0,196,49,19.6
WSH11-29-Orange,0,196,49,19.6
WSH11-29-Red,0,196,49,19.6
WSH11,0,196,49,19.6
WSH12-28-Green,0,180,45,18
WSH12-28-Purple,0,180,45,18
WSH12-28-Red,0,180,45,18
WSH12-29-Green,0,180,45,18
WSH12-29-Purple,0,180,45,18
WSH12-29-Red,0,180,45,18
WSH12-30-Green,0,180,45,18
WSH12-30-Purple,0,180,45,18
WSH12-30-Red,0,180,45,18
WSH12-31-Green,0,180,45,18
WSH12-31-Purple,0,180,45,18
WSH12-31-Red,0,180,45,18
WSH12-32-Green,0,180,45,18
WSH12-32-Purple,0,180,45,18
WSH12-32-Red,0,180,45,18
WSH12,0,180,45,18
